prenom,genre,nb
Catherine,F,4389
Françoise,F,4334
Isabelle,F,4295
Sylvie,F,4197
Martine,F,4094
Nathalie,F,3942
Christine,F,3637
Monique,F,3005
Chantal,F,2835
Nicole,F,2798
Véronique,F,2583
Annie,F,2479
Valérie,F,2458
Brigitte,F,2405
Patricia,F,2096
Michèle,F,2050
Dominique,F,2046
Sandrine,F,1966
Laurence,F,1925
Jacqueline,F,1866
Corinne,F,1846
Christiane,F,1805
Nadine,F,1694
Sophie,F,1688
Anne,F,1678
Anne-Marie,F,1670
Evelyne,F,1639
Elisabeth,F,1608
Florence,F,1552
Claudine,F,1544
Béatrice,F,1477
Christelle,F,1426
Danielle,F,1392
Pascale,F,1385
Annick,F,1300
Bernadette,F,1296
Céline,F,1235
Hélène,F,1221
Stéphanie,F,1218
Fabienne,F,1174
Marie-Christine,F,1169
Colette,F,1167
Mireille,F,1151
Maryse,F,1122
Jocelyne,F,1118
Geneviève,F,1117
Marie-Claude,F,1102
Marie-Thérèse,F,1067
Agnès,F,1063
Josiane,F,1058
Marie,F,1050
Josette,F,1011
Odile,F,1004
Karine,F,998
Cécile,F,984
Joëlle,F,911
Danièle,F,910
Carole,F,891
Virginie,F,887
Marie-France,F,817
Eliane,F,813
Delphine,F,787
Michelle,F,776
Denise,F,774
Caroline,F,740
Muriel,F,738
Claire,F,724
Myriam,F,724
Francine,F,719
Liliane,F,702
Ghislaine,F,673
Sabine,F,650
Yvette,F,646
Marie-Claire,F,642
Thérèse,F,638
Régine,F,635
Marie-Hélène,F,635
Gisèle,F,634
Séverine,F,630
Aline,F,558
Nelly,F,550
Edith,F,547
Simone,F,536
Marie-Pierre,F,534
Marie-Françoise,F,527
Magali,F,519
Frédérique,F,509
Emmanuelle,F,508
Viviane,F,507
Arlette,F,501
Lydie,F,498
Sylviane,F,491
Madeleine,F,489
Sandra,F,488
Andrée,F,469
Marie-José,F,463
Jeanine,F,457
Maryline,F,457
Ginette,F,456
Jeannine,F,437
Pierrette,F,431
Sonia,F,419
Micheline,F,416
Claude,F,415
Paulette,F,411
Marie-Laure,F,402
Marie-Paule,F,402
Aurélie,F,394
Murielle,F,393
Nadia,F,379
Suzanne,F,377
Yolande,F,375
Maryvonne,F,371
Laure,F,367
Huguette,F,365
Solange,F,359
Renée,F,348
Emilie,F,346
Carine,F,335
Marie-Noëlle,F,335
Alexandra,F,330
Jeanne,F,327
Roselyne,F,325
Claudette,F,321
Nadège,F,315
Angélique,F,313
Géraldine,F,300
Janine,F,299
Lucette,F,293
Marie-Jeanne,F,291
Audrey,F,290
Claudie,F,288
Estelle,F,287
Armelle,F,285
Raymonde,F,283
Cathy,F,282
Odette,F,281
Maria,F,275
Bénédicte,F,275
Marianne,F,272
Laetitia,F,269
Annette,F,263
Julie,F,261
Marie-Odile,F,259
Elodie,F,257
Anita,F,253
Noëlle,F,245
Rachel,F,235
Marguerite,F,232
Marie-Louise,F,232
Marie-Josée,F,231
Mauricette,F,219
Marie-Ange,F,217
Yvonne,F,216
Marie-Madeleine,F,212
Marcelle,F,212
Gaëlle,F,211
Sabrina,F,209
Marielle,F,206
Irène,F,202
Blandine,F,200
Marie-Line,F,199
Marylène,F,195
Laëtitia,F,195
Lucienne,F,194
Valerie,F,192
Christel,F,186
Mélanie,F,185
Vanessa,F,184
Michele,F,183
Magalie,F,183
Lucie,F,182
Veronique,F,182
Rose-Marie,F,178
Corine,F,176
Lydia,F,175
Marlène,F,172
Joelle,F,172
Georgette,F,170
Marie-Josèphe,F,169
Marie-Annick,F,168
Anne-Sophie,F,162
Alice,F,162
Aurore,F,161
Katia,F,159
Elise,F,158
Sarah,F,156
Edwige,F,156
Marie-Rose,F,155
Marie-Anne,F,154
Sylvette,F,154
Gabrielle,F,147
Sylvia,F,147
Marie-Agnès,F,143
Fanny,F,142
Marion,F,141
Antoinette,F,137
Ingrid,F,135
Marina,F,131
Paule,F,131
Natacha,F,130
Anne Marie,F,129
Charlotte,F,128
Rolande,F,128
France,F,128
Adeline,F,126
Mathilde,F,126
Carmen,F,126
Barbara,F,125
Henriette,F,123
Maud,F,122
Marinette,F,121
Juliette,F,121
Gilberte,F,117
Christèle,F,114
Fatima,F,114
Daniele,F,113
Genevieve,F,113
Marie-Dominique,F,113
Aude,F,112
Roseline,F,111
Linda,F,106
Peggy,F,105
Lysiane,F,105
Amandine,F,103
Anne-Laure,F,103
Beatrice,F,100
Agnes,F,99
Dorothée,F,99
Amélie,F,99
Marie-Antoinette,F,98
Anna,F,98
Louisette,F,97
Dany,F,96
Sylvaine,F,95
Yveline,F,95
Germaine,F,94
Mylène,F,94
Jeannette,F,92
Coralie,F,92
Celine,F,91
Marjorie,F,91
Camille,F,89
Stephanie,F,88
Marie-Andrée,F,88
Lise,F,88
Clotilde,F,87
Pauline,F,86
Louise,F,86
Betty,F,84
Astrid,F,84
Line,F,84
Marie-Cécile,F,84
Guylaine,F,81
Angèle,F,81
Annabelle,F,79
Anny,F,79
Malika,F,79
Marie Claude,F,79
Helene,F,77
Marie-Chantal,F,77
Jeanne-Marie,F,77
Marilyne,F,77
Clarisse,F,76
Eveline,F,76
Laurette,F,71
Francette,F,71
Karen,F,69
Marine,F,68
Maïté,F,68
Jennifer,F,68
Marthe,F,67
Rose,F,67
Jessica,F,67
Pascaline,F,66
Reine,F,66
Réjane,F,66
Elsa,F,66
Chrystelle,F,65
Ludivine,F,65
Marie Christine,F,65
Cindy,F,64
Claudia,F,63
Marie France,F,63
Charline,F,62
Cecile,F,60
Anne-Lise,F,60
Fernande,F,59
Marie-Renée,F,57
Gisele,F,57
Severine,F,57
Marie-Laurence,F,56
Gaelle,F,56
Lucile,F,56
Violette,F,55
Joséphine,F,55
Maguy,F,55
Marie-Lise,F,54
Marie-Catherine,F,54
Therese,F,54
Chrystel,F,53
Marie-Jo,F,53
Marie-Therese,F,52
Eliette,F,50
Olivia,F,48
Marie-Luce,F,48
Nancy,F,48
Bérangère,F,48
Mariette,F,48
Laura,F,47
Ariane,F,47
Marie-Elisabeth,F,47
Ghyslaine,F,45
Marie-Noelle,F,45
Marie-Pascale,F,45
Chrystèle,F,45
Eve,F,45
Olga,F,44
Marie Claire,F,43
Doris,F,43
Marie Pierre,F,43
Diane,F,42
Dolorès,F,42
Marylise,F,42
Judith,F,41
Manuela,F,41
Esther,F,41
Marie-Joëlle,F,40
Katy,F,40
Rosa,F,40
Rosine,F,39
Marie-Bernadette,F,39
Nora,F,39
Marie Thérèse,F,39
Elizabeth,F,39
Graziella,F,38
Eva,F,38
Violaine,F,38
Morgane,F,38
Rita,F,37
Nicolle,F,37
Marie Therese,F,37
Marie-Reine,F,37
Marie Paule,F,36
Roberte,F,36
Yannick,F,35
Cynthia,F,35
Fatiha,F,35
Emeline,F,34
Regine,F,34
Emilienne,F,34
Frederique,F,34
Agathe,F,34
Yolaine,F,34
Noelle,F,34
Marie Françoise,F,34
Suzette,F,33
Léone,F,33
Isabel,F,33
Agnés,F,33
Blanche,F,33
Josée,F,33
Lynda,F,33
Karima,F,33
Marie Laure,F,33
Célia,F,32
Samira,F,32
Aurelie,F,32
Cécilia,F,32
Jany,F,32
Marie-Joseph,F,32
Margaret,F,31
Gwenaëlle,F,31
Jackie,F,31
Adrienne,F,31
Sylvianne,F,31
Julia,F,30
Manuella,F,30
A.Marie,F,30
Flora,F,30
Stella,F,30
Anne-Catherine,F,30
Tania,F,30
Janick,F,29
Nadege,F,29
Farida,F,29
Johanna,F,29
Berthe,F,29
Aïcha,F,29
Josyane,F,29
Eugénie,F,29
Anne-Françoise,F,28
Anaïs,F,28
Guilaine,F,28
Suzy,F,28
Perrine,F,28
Marie-Josephe,F,27
Gladys,F,27
Zohra,F,27
Rachida,F,27
Cendrine,F,27
Angelique,F,27
Léa,F,27
Rozenn,F,27
Luce,F,27
Marie Ange,F,27
Alexandrine,F,26
Jenny,F,26
Dalila,F,26
Arielle,F,26
Samia,F,26
Floriane,F,26
Angeline,F,26
Guylène,F,25
Kathy,F,25
Marie-Yvonne,F,25
Djamila,F,25
Anne-Claire,F,25
Lina,F,25
Yasmine,F,25
Clémence,F,24
Tatiana,F,24
Geraldine,F,24
Clara,F,24
Noëlla,F,23
Leïla,F,23
Alexia,F,23
Gislaine,F,23
Paula,F,23
Muguette,F,23
Andree,F,23
Lisette,F,23
Sandy,F,23
Alberte,F,23
Magaly,F,23
Marie-Angèle,F,22
Josselyne,F,22
Christina,F,22
Joseline,F,22
Aurélia,F,22
Louisa,F,22
Noémie,F,22
Laétitia,F,22
Andréa,F,22
Raphaëlle,F,22
Déborah,F,22
Doriane,F,22
Mariannick,F,21
Justine,F,21
Marie José,F,21
Eléonore,F,21
Katherine,F,21
Paola,F,21
Rosette,F,21
Carol,F,21
Aimée,F,21
Alix,F,21
Marie-Gabrielle,F,21
Marie Helene,F,20
Emma,F,20
Roxane,F,20
Yasmina,F,20
Annie-Claude,F,20
Carinne,F,20
Axelle,F,20
Charlette,F,20
Marie-Aude,F,20
Elisa,F,20
Armande,F,20
Marie-Isabelle,F,20
Marie Jeanne,F,20
Valentine,F,19
Karin,F,19
Laurie,F,19
Maryannick,F,19
Angéline,F,19
Soizic,F,19
Johanne,F,19
Marjolaine,F,19
Josy,F,19
Marie-Helene,F,19
Rachelle,F,19
Marie Madeleine,F,19
Marie-Geneviève,F,19
Renee,F,19
Etiennette,F,19
Marie-Danielle,F,19
Inès,F,19
Marilyn,F,19
Bérengère,F,18
Irene,F,18
Josseline,F,18
Marie Dominique,F,18
Guillemette,F,18
Leila,F,18
Lyliane,F,18
Pascal,F,18
Anne-Cécile,F,18
Aliette,F,18
Anne-Christine,F,18
Béatrix,F,18
Lisiane,F,18
Latifa,F,18
Edmonde,F,18
Elyane,F,18
Marie Hélène,F,18
Marie Louise,F,18
Gilda,F,18
Monica,F,17
Tiphaine,F,17
Flore,F,17
Christele,F,17
Ana,F,17
Marie Line,F,17
Yamina,F,17
Michel,F,17
Marie-Martine,F,17
Angélina,F,17
Khadija,F,17
Marie-Eve,F,17
Sybille,F,17
Marie-Edith,F,17
Rose Marie,F,17
Simonne,F,17
Benedicte,F,16
Victoria,F,16
Marie Josée,F,16
Marie-Blanche,F,16
Bettina,F,16
Erika,F,16
Gina,F,16
Marie Anne,F,16
Adèle,F,16
Daniel,F,16
Diana,F,16
Rosalie,F,16
Marylene,F,16
Cyrille,F,16
Jeannick,F,16
Solène,F,16
Albane,F,16
Chloé,F,16
Marlene,F,16
Gwénaëlle,F,16
Ophélie,F,15
Amina,F,15
Marie-Jose,F,15
Margareth,F,15
Marlyse,F,15
Carla,F,15
Marcelline,F,15
Rosita,F,15
Marie Josee,F,15
Jannick,F,15
Sergine,F,15
Christian,F,15
Yvelise,F,15
Gaby,F,15
Joselyne,F,15
Marie-Josee,F,15
Marie-Alice,F,15
Marie Odile,F,15
Mary,F,15
Sophia,F,15
Jasmine,F,14
Vanina,F,14
Anissa,F,14
Jane,F,14
Elvire,F,14
Cathia,F,14
Marie-Céline,F,14
Mélissa,F,14
Gloria,F,14
Antonia,F,14
Héléne,F,14
Clémentine,F,14
Sidonie,F,14
Irma,F,14
Marie-Sophie,F,14
Salima,F,14
Ketty,F,14
Ida,F,14
Susan,F,13
Ségolène,F,13
Adélaïde,F,13
Jamila,F,13
Maude,F,13
Marie-Emmanuelle,F,13
Claudy,F,13
Marie-Astrid,F,13
Gwenaelle,F,13
Annelise,F,13
Mina,F,13
Bernardette,F,13
Astride,F,13
Marie-Josette,F,13
Kathia,F,13
Dolores,F,13
Naïma,F,13
Janique,F,13
Angela,F,13
Francesca,F,13
Sylvine,F,13
Nolwenn,F,13
Saliha,F,13
Annie-France,F,13
Mélina,F,13
Patrick,F,12
François,F,12
Marie-Elise,F,12
Constance,F,12
Bertille,F,12
Zineb,F,12
Deborah,F,12
Alain,F,12
Pilar,F,12
Marie-Aimée,F,12
Thérèse-Marie,F,12
Marie-Caroline,F,12
Bérénice,F,12
Nina,F,12
Marceline,F,12
Dorine,F,12
Joanna,F,12
Soraya,F,12
Candice,F,12
Rebecca,F,12
Thierry,F,12
Jeannie,F,12
Gwendoline,F,12
Aleth,F,12
Marie-Michèle,F,12
Anne-Charlotte,F,12
Janet,F,12
Houria,F,12
Sara,F,12
Margot,F,12
Ann,F,12
Saïda,F,11
Charlène,F,11
Eloïse,F,11
Lucia,F,11
Chantale,F,11
Maggy,F,11
Marie-Aline,F,11
Fabiola,F,11
Lisa,F,11
Annabel,F,11
Guislaine,F,11
Samantha,F,11
Zahra,F,11
Marie Jose,F,11
Angelina,F,11
Marie Noëlle,F,11
Lorette,F,11
Kheira,F,11
Fadila,F,11
Clothilde,F,11
Cathie,F,11
Gaëtane,F,11
Mercédès,F,11
Daisy,F,11
Daphné,F,11
Emilia,F,11
Florine,F,11
Ursula,F,11
Manuelle,F,11
Fatma,F,11
Julienne,F,11
Reine-Marie,F,11
Dorothee,F,11
Monika,F,11
Marylin,F,11
Alison,F,10
Régina,F,10
Augustine,F,10
Suzel,F,10
Frédéric,F,10
Mélinda,F,10
Marie Annick,F,10
Aïda,F,10
Vivianne,F,10
Corrine,F,10
Mercedes,F,10
Christa,F,10
Josie,F,10
Valéry,F,10
Mariama,F,10
Pierre,F,10
Leslie,F,10
Joël,F,10
Cristina,F,10
Lauriane,F,10
Emily,F,10
Gwénola,F,10
Elvira,F,10
Josephine,F,10
Marie-Solange,F,10
Mylene,F,10
Albertine,F,10
Georgina,F,10
Marie Noelle,F,10
Mariame,F,10
Prisca,F,10
Amanda,F,10
Cristelle,F,10
Michéle,F,10
Flavie,F,10
Virginia,F,10
Dina,F,10
Marie Rose,F,10
Héléna,F,10
Gyslaine,F,10
Mady,F,10
Halima,F,10
Sandie,F,10
Raphaële,F,10
Joan,F,9
Franciane,F,9
Nadége,F,9
Marie Agnès,F,9
Priscilla,F,9
Lorène,F,9
Rosemonde,F,9
Colombe,F,9
Marie-Carmen,F,9
Angéla,F,9
Helen,F,9
Lorraine,F,9
Carolle,F,9
Suzelle,F,9
Lilianne,F,9
Mado,F,9
Lila,F,9
Francisca,F,9
Laurianne,F,9
Hakima,F,9
Habiba,F,9
Marie-Christiane,F,9
Lolita,F,9
Rejane,F,9
Lyne,F,9
Murièle,F,9
Joanne,F,9
Servane,F,9
Fleur,F,9
Marilys,F,9
Marie-Suzanne,F,9
Honorine,F,9
Laurent,F,9
Thérése,F,9
Héloïse,F,9
Josianne,F,9
Marie-Claudine,F,9
Marie-Danièle,F,9
Magdalena,F,9
Victoire,F,9
Marguerite-Marie,F,9
Pamela,F,9
Karina,F,9
André,F,9
Marie-Amélie,F,9
Lara,F,9
Anne-France,F,9
Anne Laure,F,9
Any,F,9
Christianne,F,9
Mariane,F,9
Anne Sophie,F,9
Marie-Véronique,F,9
Jill,F,8
Marie-Lyne,F,8
Anicette,F,8
Zahia,F,8
Maylis,F,8
Mona,F,8
Ellen,F,8
Najia,F,8
Soazig,F,8
Joceline,F,8
Grace,F,8
Souad,F,8
Bernard,F,8
Jacky,F,8
Marilène,F,8
Jean,F,8
Cosette,F,8
Jessy,F,8
Marie-Brigitte,F,8
Roger,F,8
Paquita,F,8
Anne-Valérie,F,8
Najat,F,8
Anabelle,F,8
Manon,F,8
Marie-Bernard,F,8
Wanda,F,8
Daniela,F,8
Jeanne Marie,F,8
Anick,F,8
Celia,F,8
Gertrude,F,8
Marie-Agnes,F,8
Marie Antoinette,F,8
Marie-Béatrice,F,8
Didier,F,8
Mariana,F,8
Vincente,F,8
Rosy,F,8
Eric,F,8
Lysianne,F,8
Solenne,F,8
Anne Lise,F,8
Virgine,F,8
Rosanna,F,8
Conchita,F,8
Kathleen,F,8
Anne-Rose,F,8
Meriem,F,8
Gaétane,F,8
Stéphane,F,8
Léonie,F,8
Marie-Josiane,F,8
Vinciane,F,8
Marie-Colette,F,8
Jean-Marie,F,8
Marie-Georges,F,8
Philomène,F,8
Edmée,F,8
Katell,F,8
Sigrid,F,8
Raphaelle,F,8
Noura,F,8
Luisa,F,8
Marie Jo,F,8
Lyse,F,7
Karinne,F,7
Rose-May,F,7
Maureen,F,7
Eve-Marie,F,7
Assia,F,7
Josèphe,F,7
Philippe,F,7
Aicha,F,7
Amélia,F,7
Kelly,F,7
Hildegarde,F,7
Marie Reine,F,7
Cornélia,F,7
Lise-Marie,F,7
Iris,F,7
Marie Angèle,F,7
Ines,F,7
Franca,F,7
Anette,F,7
Véronica,F,7
Anne-Laurence,F,7
Marise,F,7
Orlane,F,7
Livia,F,7
Cyrielle,F,7
Jeaninne,F,7
Mirella,F,7
Marie-Lyse,F,7
Laeticia,F,7
Anne-Gaëlle,F,7
Natalie,F,7
Lisbeth,F,7
Hortense,F,7
Fouzia,F,7
Marie-Estelle,F,7
Léna,F,7
Serge,F,7
Marie-Bénédicte,F,7
Annik,F,7
Sèverine,F,7
Ericka,F,7
Marie-Michelle,F,7
Martha,F,7
Helga,F,7
Shirley,F,7
Fiona,F,7
Rosemarie,F,7
Nolwen,F,7
Sofia,F,7
Amal,F,7
Typhaine,F,7
Inge,F,7
Bouchra,F,7
Marie-Florence,F,7
Nassera,F,7
Silvia,F,7
Marie-Nicole,F,7
Paméla,F,7
Sylvana,F,7
Mariam,F,7
Ruth,F,6
Léonce,F,6
Marie Andrée,F,6
Hafida,F,6
Guylene,F,6
Bianca,F,6
Safia,F,6
Hélèna,F,6
Maya,F,6
Janny,F,6
Rachèle,F,6
Cecilia,F,6
Chrystele,F,6
Marie-Henriette,F,6
Karelle,F,6
Rahma,F,6
Nada,F,6
Hermine,F,6
Martina,F,6
Annonciade,F,6
Marie Renée,F,6
Capucine,F,6
Priscille,F,6
Cathérine,F,6
Laëticia,F,6
Saadia,F,6
Gilles,F,6
Ulrike,F,6
Natalia,F,6
Marie-Jane,F,6
Ernestine,F,6
Térésa,F,6
Gwladys,F,6
Moïsette,F,6
Valèrie,F,6
Guénaëlle,F,6
Hilde,F,6
Marie-Charlotte,F,6
Marie Laurence,F,6
Félicie,F,6
Marie-Neige,F,6
Roukia,F,6
Gillian,F,6
David,F,6
Rabia,F,6
Marie-Adèle,F,6
Marietta,F,6
Magdeleine,F,6
Hilda,F,6
Myriame,F,6
Christophe,F,6
Tamara,F,6
Carmela,F,6
Félicité,F,6
Flavienne,F,6
Quitterie,F,6
Denis,F,6
Elena,F,6
Gaël,F,6
Suzie,F,6
Ange-Marie,F,6
Marie-Denise,F,6
Amel,F,6
Wendy,F,6
Aziza,F,6
Cyril,F,6
Maîté,F,6
Juliana,F,6
Bruna,F,6
Coline,F,6
Ophelie,F,6
Marika,F,6
Renate,F,6
Rose-Hélène,F,6
Marie-Evelyne,F,6
Marie-Cecile,F,5
Marie Joelle,F,5
Donatienne,F,5
Lily,F,5
Anne-Yvonne,F,5
Fany,F,5
Madeline,F,5
Hamida,F,5
Sheila,F,5
Sébastien,F,5
Anne-Caroline,F,5
Annaïck,F,5
Gwenola,F,5
Amalia,F,5
Marinella,F,5
Marie-Joelle,F,5
Ghislène,F,5
Consuelo,F,5
Jean-Louis,F,5
Marie Joseph,F,5
Fatna,F,5
Hannelore,F,5
Silvana,F,5
Malou,F,5
Jean-Marc,F,5
Vincenza,F,5
Augusta,F,5
Guenaëlle,F,5
Zoubida,F,5
Monette,F,5
Joseph,F,5
Félicia,F,5
Hawa,F,5
Vérane,F,5
Mélody,F,5
Annie-Paule,F,5
Yolène,F,5
Marie Josephe,F,5
Syndie,F,5
Marie-Berthe,F,5
Rosiane,F,5
Mickaëlle,F,5
Marie-Pierrette,F,5
Eline,F,5
Angele,F,5
Marièle,F,5
Maïthé,F,5
Georgia,F,5
Marie-Sol,F,5
Jezabel,F,5
Pia,F,5
Marie Cécile,F,5
Linette,F,5
Zoé,F,5
Nadette,F,5
Adriana,F,5
Anne-Claude,F,5
Josépha,F,5
Emanuelle,F,5
Marie-Lucile,F,5
Hedwige,F,5
Nicolette,F,5
Elyette,F,5
Eglantine,F,5
Tiffany,F,5
Malorie,F,5
Marc,F,5
Espérance,F,5
Jenifer,F,5
Séraphine,F,5
Marie Isabelle,F,5
Monia,F,5
Lilyane,F,5
Bleuette,F,5
Messaouda,F,5
Jean-Pierre,F,5
Conception,F,5
Naima,F,5
Marie-Germaine,F,5
Savine,F,5
Suzan,F,5
Candide,F,5
Miriam,F,5
Marie-Lou,F,5
Myrianne,F,5
Lucille,F,5
Danièlle,F,5
Imane,F,5
Najet,F,5
Annaick,F,5
Laïla,F,5
Lesley,F,5
Gracieuse,F,5
Zina,F,5
Maritxu,F,5
Marie-Armelle,F,5
Kristell,F,5
Marie-Sylvie,F,5
Fernanda,F,5
Xavière,F,5
Lola,F,5
Marie-Thérése,F,5
Viriginie,F,5
Daniella,F,5
Sylvain,F,5
Danie,F,5
Anne-Isabelle,F,5
Alicia,F,5
Malvina,F,5
Dora,F,5
Tifenn,F,5
Marie-Monique,F,5
Jean-Claude,F,5
Damienne,F,5
Melina,F,5
Encarnacion,F,5
Arlène,F,5
Laila,F,5
Nabila,F,5
Annie Claude,F,5
Wilma,F,5
Josefa,F,5
Maité,F,5
Elysabeth,F,5
Baya,F,5
Dolly,F,5
Mériem,F,5
Alda,F,5
Christie,F,5
Victorine,F,5
Naomi,F,4
Maider,F,4
Olivette,F,4
Bruno,F,4
Alba,F,4
Florianne,F,4
Romy,F,4
Anne Claire,F,4
Marie-Frédérique,F,4
Marie-Léone,F,4
Adelaïde,F,4
Elda,F,4
Marie-Eliane,F,4
Françine,F,4
Francis,F,4
Fathia,F,4
Marie-Jacqueline,F,4
Maeva,F,4
Anik,F,4
Belinda,F,4
Désirée,F,4
Jean-Jacques,F,4
Annelyse,F,4
Gismonde,F,4
Marie Chantal,F,4
Layla,F,4
Hanane,F,4
Heidi,F,4
Mathéa,F,4
Jacques,F,4
Oriane,F,4
Laury,F,4
Marie-Annie,F,4
Marie-Joséphine,F,4
Melinda,F,4
Bella,F,4
Katty,F,4
Gabriela,F,4
Marcel,F,4
Ghylaine,F,4
Claire-Lise,F,4
Marie-Marthe,F,4
Louiza,F,4
Caty,F,4
Emmanuèle,F,4
Romaine,F,4
Yvane,F,4
Florentine,F,4
Sally,F,4
Pâquerette,F,4
Rose-France,F,4
Carolyn,F,4
Marie-Aleth,F,4
Ludmilla,F,4
Vannessa,F,4
Touria,F,4
Guy,F,4
Soizick,F,4
Auriane,F,4
Maria De Fatima,F,4
Lorna,F,4
Laurène,F,4
Joële,F,4
Anabela,F,4
Eileen,F,4
Johane,F,4
Juana,F,4
Katel,F,4
Marie-Liesse,F,4
Kristina,F,4
Suzane,F,4
Maite,F,4
Clairette,F,4
Magguy,F,4
Akila,F,4
Marie Cecile,F,4
Antonietta,F,4
Emmy,F,4
Corentine,F,4
Nacira,F,4
Marie-Philippe,F,4
Bozena,F,4
Rosane,F,4
Olivier,F,4
Albine,F,4
Mounia,F,4
Servanne,F,4
Ludovic,F,4
Arièle,F,4
Fatoumata,F,4
Xavier,F,4
Marie-Paul,F,4
Fiorella,F,4
Ombeline,F,4
Susana,F,4
Marie-Héléne,F,4
Kim,F,4
Heather,F,4
Mariline,F,4
Guilène,F,4
Jessie,F,4
Leyla,F,4
Khedidja,F,4
Toussainte,F,4
Giliane,F,4
Edwidge,F,4
Marie Agnes,F,4
Marijo,F,4
Bénedicte,F,4
Rina,F,4
Annic,F,4
Saloua,F,4
Anna-Maria,F,4
Hassina,F,4
Davina,F,4
Kathryn,F,4
Gracie,F,4
Amelie,F,4
Anne-Louise,F,4
Lauren,F,4
Alma,F,4
Guénola,F,4
Véra,F,4
Tina,F,4
Marta,F,4
Franceline,F,4
Marie-Noël,F,4
Katie,F,4
Mary-Claude,F,4
Nicolas,F,4
Coraline,F,4
Marie-Joséphe,F,4
Jean-Michel,F,4
Melanie,F,4
Babeth,F,4
Florise,F,4
Marie Aline,F,4
France-Lise,F,4
Grâce,F,4
Marisa,F,4
Echati,F,4
Béatriz,F,4
Renelle,F,4
Catia,F,4
Marie-Pia,F,4
Marie-Odette,F,4
José,F,4
Petra,F,4
Laurine,F,4
Soline,F,4
Rose-Line,F,4
Eléna,F,4
Sibylle,F,4
Emmanuel,F,4
Arminda,F,4
Siham,F,4
Nedjma,F,4
Milouda,F,4
Montserrat,F,4
Léonor,F,4
Patrice,F,4
Marieke,F,4
Anne-Line,F,4
Anne-Dominique,F,4
Denyse,F,4
Marylis,F,4
Marie-Magdeleine,F,4
Margueritte,F,4
Angelica,F,4
Anne-Chantal,F,4
Anouk,F,4
Rosalba,F,3
Larissa,F,3
Bridget,F,3
Lliane,F,3
Bibiane,F,3
Gabriella,F,3
Marie-Thèrèse,F,3
Jane-Marie,F,3
Marie-Annette,F,3
Marie-Laetitia,F,3
Eugenie,F,3
Carolina,F,3
Liesbeth,F,3
Farah,F,3
Michaëlle,F,3
Vicky,F,3
Marie-Francine,F,3
Naziha,F,3
Roxanne,F,3
Fanette,F,3
Ilham,F,3
Meryem,F,3
Joel,F,3
Mathilda,F,3
Emmanuela,F,3
Gérard,F,3
Maréva,F,3
Renée-Claude,F,3
Sonja,F,3
Gisela,F,3
Nacera,F,3
Anne-Marguerite,F,3
Hinano,F,3
Annyck,F,3
Beate,F,3
Richarde,F,3
Anais,F,3
Marie-Helène,F,3
Nouria,F,3
Rose-Anne,F,3
Éliane,F,3
Élisabeth,F,3
Nanette,F,3
Anouchka,F,3
Aurelia,F,3
Gwénaelle,F,3
Sandrina,F,3
Annyvonne,F,3
Lison,F,3
Josine,F,3
Vincent,F,3
Hassana,F,3
Mareva,F,3
Célina,F,3
Gersende,F,3
Isaline,F,3
Juliane,F,3
Jocya,F,3
Philippa,F,3
Amy,F,3
Margaretha,F,3
Ewa,F,3
Chérifa,F,3
Kathie,F,3
Antonella,F,3
Santa,F,3
Marie Blanche,F,3
Hélyette,F,3
Zalihata,F,3
Noël,F,3
Malory,F,3
Rébecca,F,3
Louisiane,F,3
Pierre-Marie,F,3
Gaële,F,3
Margarita,F,3
Maryvette,F,3
Hayat,F,3
Alexa,F,3
Domitille,F,3
Gerda,F,3
Annita,F,3
Thèrèse,F,3
Morgan,F,3
Vannina,F,3
Janie,F,3
Samuelle,F,3
Juanita,F,3
R.Marie,F,3
Roland,F,3
Marie Elisabeth,F,3
Adda,F,3
Ulla,F,3
Jaqueline,F,3
Anne-Mary,F,3
Daphne,F,3
Guillaine,F,3
Marie-Genevieve,F,3
Marie Monique,F,3
Hervé,F,3
Margaux,F,3
Ivana,F,3
Armel,F,3
Soumia,F,3
Candy,F,3
Djida,F,3
Prescillia,F,3
Palma,F,3
Chimène,F,3
Marie Yvonne,F,3
Yvanne,F,3
Miléna,F,3
Michaela,F,3
Alfréda,F,3
Marie-Andree,F,3
Annie-Pierre,F,3
Maïder,F,3
Katya,F,3
Joaquina,F,3
Marie Sylvie,F,3
Dominica,F,3
Déolinda,F,3
Franck,F,3
Raquel,F,3
Anne-Emmanuelle,F,3
Khaddouj,F,3
Caherine,F,3
Jöelle,F,3
Nathanaëlle,F,3
Hind,F,3
Brunette,F,3
Crystel,F,3
Marie-Julie,F,3
Marie-Flore,F,3
Irénée,F,3
Annaïg,F,3
Évelyne,F,3
Jean-Paul,F,3
Sabah,F,3
Marie-Régine,F,3
Ourdia,F,3
Magda,F,3
Hildegard,F,3
Maria-Teresa,F,3
Maëla,F,3
Rosabelle,F,3
Rosemary,F,3
Sybil,F,3
Lydiane,F,3
Nawel,F,3
Georges,F,3
Rosario,F,3
Louis,F,3
Armide,F,3
Carina,F,3
Cristel,F,3
Clélie,F,3
Giséle,F,3
Marie Luce,F,3
Ambre,F,3
Anouck,F,3
Nathaly,F,3
Magui,F,3
Fadoua,F,3
Léandre,F,3
Anne Catherine,F,3
Héloise,F,3
Gervaise,F,3
Mary-Line,F,3
Katja,F,3
Jennie,F,3
Irmgard,F,3
Nélia,F,3
Norma,F,3
Myriem,F,3
Elianne,F,3
Zora,F,3
Solen,F,3
Nicola,F,3
Lilette,F,3
Allison,F,3
Marie Carmen,F,3
Nadjia,F,3
Renata,F,3
Atika,F,3
Katerine,F,3
Jocelyn,F,3
Karyn,F,3
Mmadeleine,F,3
Nathacha,F,3
Claude-Marie,F,3
Jérôme,F,3
Berenice,F,3
Suzanna,F,3
Daphnée,F,3
Lucrèce,F,3
Marie Patricia,F,3
Adélaide,F,3
Anie,F,3
Nady,F,3
Géralde,F,3
Maëva,F,3
Maguelonne,F,3
Cora,F,3
Yves,F,3
Paquerette,F,3
Roberta,F,3
Jeany,F,3
Fatou,F,3
Marie Ghislaine,F,3
Inchati,F,3
Gilliane,F,3
Jean-Luc,F,3
Ana-Maria,F,3
Nacéra,F,3
Marijke,F,3
Mirentxu,F,3
Maritchu,F,3
Marie-Christelle,F,3
Débora,F,3
Elene,F,3
Maëlle,F,3
Karla,F,3
Susanne,F,3
Gaetane,F,3
Nezha,F,3
Lenaïg,F,3
Lidy,F,3
Marie Joséphine,F,3
Faustine,F,3
Emmannuelle,F,3
Solene,F,3
Marie Gabrielle,F,3
Ingeborg,F,3
Joana,F,3
Vera,F,3
Tiphanie,F,3
Jennyfer,F,3
Rosina,F,3
Helène,F,3
Hanna,F,3
Maïlys,F,3
Oria,F,3
Nella,F,3
Yanne,F,3
Teresa,F,3
Ninette,F,3
Marie-Fernande,F,3
Nafissa,F,3
Jehanne,F,3
Carolyne,F,3
Liliana,F,3
Marie-Thérese,F,3
Hyacinthe,F,3
Babette,F,3
Clarence,F,3
Valery,F,3
Loëtitia,F,3
Marie-Agnés,F,3
Lucy,F,3
Maguelone,F,3
Tassadit,F,3
Anne-Gaël,F,3
Marie Caroline,F,3
Claire-Marie,F,3
Marie-Emilie,F,3
Patrizia,F,3
Isaure,F,3
Rosaline,F,3
Marianick,F,3
Saskia,F,3
Marjory,F,3
Lamia,F,3
Gwenaele,F,3
Yvelyne,F,3
Noëmie,F,3
Délia,F,3
Herveline,F,3
Anne-Céline,F,3
Jean-François,F,3
Marie Josèphe,F,3
Marie Catherine,F,3
Malgorzata,F,3
Dorota,F,2
Svetlana,F,2
Marie Corinne,F,2
Caline,F,2
Anna-Paula,F,2
Stépanie,F,2
Valérie-Anne,F,2
Angel,F,2
Jeanick,F,2
Ouiza,F,2
A. Marie,F,2
Benjamine,F,2
Olive,F,2
Zalifa,F,2
Ema,F,2
Marie Angele,F,2
Serena,F,2
Monira,F,2
Elisabetta,F,2
Maryna,F,2
Marie-Ghislaine,F,2
Marie Edith,F,2
Santine,F,2
Michèle Nicole,F,2
Lauraine,F,2
Marlen,F,2
Marie Roseline,F,2
Emannuelle,F,2
Hanifé,F,2
Teura,F,2
Sylviana,F,2
Moinamaoulida,F,2
Esmeralda,F,2
Mfrançoise,F,2
Kadidiatou,F,2
Hafsa,F,2
Ludmila,F,2
Elsy,F,2
Henri,F,2
Régis,F,2
Jean Jacques,F,2
Maïte,F,2
Rosanne,F,2
Toybati,F,2
Priscillia,F,2
Ariel,F,2
Doïna,F,2
Nadiège,F,2
Heïdi,F,2
Elina,F,2
Raïssa,F,2
Jézabel,F,2
Nathalia,F,2
Elke,F,2
Anneliese,F,2
Yaël,F,2
Anne-Véronique,F,2
Marie-Claudette,F,2
Augustina,F,2
Zara,F,2
Syvie,F,2
Marcy,F,2
Maria-Isabel,F,2
Floriana,F,2
Biljana,F,2
Eleonore,F,2
Annelore,F,2
Johann,F,2
Neila,F,2
Tanya,F,2
Rachele,F,2
Elaine,F,2
Grazia,F,2
René,F,2
Ursule,F,2
Luigia,F,2
Marie-Sandrine,F,2
Eugène,F,2
Santina,F,2
Restitude,F,2
Louison,F,2
Benita,F,2
Jeanne-Louise,F,2
Dieynaba,F,2
Pierette,F,2
Rosalia,F,2
Yane,F,2
Marylaine,F,2
Jean-Yves,F,2
Yann,F,2
Lilian,F,2
Soifia,F,2
Hadjira,F,2
Annaelle,F,2
Solenn,F,2
Charles,F,2
Carène,F,2
Marie Sabine,F,2
Abella,F,2
Marie-Elizabeth,F,2
Pervenche,F,2
Erin,F,2
Moinécha,F,2
Marie-Suzette,F,2
Else,F,2
Marie-Astride,F,2
Dalia,F,2
Myriane,F,2
Krista,F,2
Marie-Camille,F,2
Sébastienne,F,2
Kareen,F,2
Colette Marie,F,2
Adelina,F,2
Aliénor,F,2
Echat,F,2
Marie-Ginette,F,2
Coryse,F,2
Marie Nathalie,F,2
Yacine,F,2
Hilary,F,2
Antonina,F,2
Assunta,F,2
Iseult,F,2
Merry,F,2
Ouardia,F,2
Lucinda,F,2
Nadeige,F,2
Irmine,F,2
Filomène,F,2
Olinda,F,2
Violène,F,2
Manoëlle,F,2
Elza,F,2
Marie-Nelly,F,2
Nicette,F,2
Mayalène,F,2
Cloé,F,2
Orianne,F,2
Razika,F,2
Pétra,F,2
Zahara,F,2
Yvonnick,F,2
Incarnation,F,2
Frida,F,2
Anthéa,F,2
Marie-Edmée,F,2
Michèlle,F,2
Sylvane,F,2
Nouara,F,2
Emelyne,F,2
Mouna,F,2
Fabien,F,2
Marie-Arlette,F,2
Benoît,F,2
Ornella,F,2
Marianna,F,2
Maïmouna,F,2
Sharon,F,2
Marie-Renee,F,2
Lynn,F,2
Alfreda,F,2
Estrella,F,2
Wafa,F,2
Michaël,F,2
Nassira,F,2
Soledad,F,2
Hadidja,F,2
Candida,F,2
Noële,F,2
Rénata,F,2
Ilona,F,2
Danny,F,2
Maryon,F,2
Véronika,F,2
Adissa,F,2
Marie Jocelyne,F,2
Nita,F,2
Fabricia,F,2
Armèle,F,2
Imen,F,2
Irina,F,2
Gerty,F,2
Thiphaine,F,2
Heidelore,F,2
Tiziana,F,2
Regina,F,2
Glenda,F,2
Maryvone,F,2
Aida,F,2
Marie-Elisa,F,2
Zalia,F,2
Myléne,F,2
Carola,F,2
Sindy,F,2
Rollande,F,2
Anke,F,2
Bertrand,F,2
Nadira,F,2
Soisik,F,2
Melissa,F,2
Doria,F,2
Anne-Florence,F,2
Berengere,F,2
Marcia,F,2
Claude-Hélène,F,2
Marnie,F,2
Odille,F,2
Hubert,F,2
Maryam,F,2
Danica,F,2
Marie Ida,F,2
Iréna,F,2
Robert,F,2
Marie Alice,F,2
Jean-Bernard,F,2
Maxence,F,2
Muryel,F,2
Letitia,F,2
Giuseppina,F,2
Marie-Xavière,F,2
Sévérine,F,2
Maritie,F,2
Glawdys,F,2
Anne-Virginie,F,2
Antonine,F,2
Annaik,F,2
Anne-Paule,F,2
Sadia,F,2
Samuel,F,2
Fadhila,F,2
Orane,F,2
Chadia,F,2
Bernabella,F,2
Maty,F,2
Marie-Beatrice,F,2
Laiza,F,2
Bahija,F,2
Batoul,F,2
Jeanette,F,2
Rose Mary,F,2
Anne-Blandine,F,2
Jutta,F,2
Frédéricque,F,2
Lenaick,F,2
Giselle,F,2
Ysabel,F,2
Grazyna,F,2
Marie-Jeanine,F,2
Thomas,F,2
Renée-Paule,F,2
Margarida,F,2
Lynda Marie Lourdes,F,2
Marie Yvette,F,2
Sita,F,2
Mary-Christine,F,2
Fabrice,F,2
Kate,F,2
Luciana,F,2
Laéticia,F,2
Florinda,F,2
Joêlle,F,2
Beatrix,F,2
Angie,F,2
Hassanati,F,2
Gillette,F,2
Nawal,F,2
Sakina,F,2
Marly,F,2
Rosaria,F,2
Philomene,F,2
Oumou,F,2
Anic,F,2
Damiène,F,2
Ester,F,2
Joyce,F,2
Gislène,F,2
Amale,F,2
Isilda,F,2
Sandati,F,2
Apolline,F,2
Vitaline,F,2
Andrea,F,2
Dania,F,2
Adidja,F,2
Grazielle,F,2
Ourida,F,2
Francelise,F,2
Moinaïdi,F,2
Wahiba,F,2
Vivette,F,2
Hasna,F,2
Annabella,F,2
Gunilla,F,2
Marie Josette,F,2
Noëlline,F,2
Katrin,F,2
Zita,F,2
Jéromine,F,2
Myrielle,F,2
Leone,F,2
Marie Brigitte,F,2
Henria,F,2
Marie-Aurore,F,2
Emine,F,2
Janina,F,2
Dorothy,F,2
Flavia,F,2
Naïs,F,2
Britta,F,2
Marlies,F,2
Gratienne,F,2
Sarrah,F,2
Gorette,F,2
Lyvia,F,2
Guillaume,F,2
Hidaya,F,2
Maitena,F,2
Veronica,F,2
Fanta,F,2
A.France,F,2
Marie-Noële,F,2
Marie-Irène,F,2
Nabiha,F,2
Filomena,F,2
Gülsen,F,2
Marie-Lucie,F,2
Malia,F,2
Ahlem,F,2
Jeanne-Yvonne,F,2
Anastasia,F,2
Adèla,F,2
Raphaela,F,2
Thérésa,F,2
Cédric,F,2
Anne-Elisabeth,F,2
Mélisande,F,2
Daniéle,F,2
Maryanick,F,2
Mélisa,F,2
Miranda,F,2
Anne-Hélène,F,2
Nadya,F,2
Soumiya,F,2
Asma,F,2
Marie-Juliette,F,2
Marlise,F,2
Bineta,F,2
Giulia,F,2
Aminata,F,2
Lionelle,F,2
Genevière,F,2
Bélinda,F,2
Rosemay,F,2
Maroussia,F,2
Charlyne,F,2
Rosetta,F,2
Chritelle,F,2
Emmanuella,F,2
Jihan,F,2
Jeannique,F,2
Dragana,F,2
Valériane,F,2
Maria-Dolorès,F,2
Anne-Flore,F,2
Malaurie,F,2
Maggie,F,2
Marie-Charles,F,2
Marie Emilienne,F,2
Guiseppa,F,2
Marie-Isabel,F,2
Renée-Claire,F,2
Tracy,F,2
Lionel,F,2
Vérène,F,2
Patriçia,F,2
Mama,F,2
Prudence,F,2
Djemila,F,2
Marie Pascale,F,2
Amapola,F,2
Lyna,F,2
Edwina,F,2
Tissianti,F,2
Myrna,F,2
Diega,F,2
Marie-Alix,F,2
Anne-Eugénie,F,2
Félicienne,F,2
Marie-Eugénie,F,2
Sonya,F,2
Claveline,F,2
Célestine,F,2
Emmauelle,F,2
Elvina,F,2
Alexie,F,2
Besma,F,2
Benoit,F,2
Hélène-Marie,F,2
Marie-Clémence,F,2
Michaelle,F,2
Michaele,F,2
Lylianne,F,2
Gracianne,F,2
Lydwine,F,2
Khadra,F,2
Philippine,F,2
Marie-Thé,F,2
Martialle,F,2
Marie Pascaline,F,2
Marie Géraldine,F,2
Clarysse,F,2
Marie-Madeline,F,2
Anne-Lyse,F,2
Chistelle,F,2
Laurinda,F,2
Rosa-Maria,F,2
Miren,F,2
Afaf,F,2
Houda,F,2
Linéda,F,2
Claire-Agnès,F,2
Marilou,F,2
Marie Mélissa,F,2
Teipo,F,2
Marie-Pauline,F,2
Giuliana,F,2
Maima,F,2
Hélen,F,2
Dolorés,F,2
Anne-Thérèse,F,2
Mika,F,2
Zakia,F,2
Marie Nadège,F,2
Anne-Sylvie,F,2
Savéria,F,2
Eva-Maria,F,2
Bakhta,F,2
Olympe,F,2
Milène,F,2
Guénaelle,F,2
Mercedès,F,2
Marie-Gérard,F,2
Yvana,F,2
Uta,F,2
Marie-Julienne,F,2
Marie-Esther,F,2
Jeanny,F,2
Evelyse,F,2
Marie-Nadine,F,2
Inayat,F,2
Faten,F,2
Gilbert,F,2
Joscelyne,F,2
Florelle,F,2
Élodie,F,2
Marie-Lys,F,2
Carline,F,2
Fadma,F,2
Shella,F,2
Marie-Yolande,F,2
Yvanna,F,2
Laurance,F,2
Maryanne,F,2
Maïa,F,2
Rania,F,2
Fancine,F,2
Léontine,F,2
Ute,F,2
Marie Nicole,F,2
Loetitia,F,2
Isella,F,2
Graciella,F,2
Rabéa,F,2
Bahia,F,2
Scarlett,F,2
Rafika,F,2
Esméralda,F,2
Moeata,F,2
Khira,F,2
Fadela,F,2
Marylaure,F,2
Kristel,F,2
Marie-Inès,F,2
Raphaele,F,2
Gaëtanne,F,2
Odyle,F,2
Lucie-Anne,F,2
Alphonsine,F,2
Ghuilaine,F,2
Mansouria,F,2
Hanifa,F,2
Marie-George,F,2
Anaïg,F,2
Maryelle,F,2
Zorha,F,2
Providence,F,2
Chritine,F,2
Mandy,F,2
Gwenaële,F,2
Avril,F,2
Rafaëlle,F,2
Anne-Philippe,F,2
Anabella,F,2
Marie Thérése,F,2
Sana,F,2
Marie-Frantz,F,2
Lilia,F,2
Edita,F,2
Marie-Sabine,F,2
Louise-Anne,F,2
Enza,F,2
,F,2
Marie-Raphaëlle,F,2
Jannine,F,2
Josee,F,2
Rose-Mary,F,2
Luc,F,2
Maïva,F,2
Florie,F,2
Claudyne,F,2
Brenda,F,2
Alcina,F,2
Néma,F,2
Noria,F,2
Mario,F,2
Douce,F,2
Liselotte,F,2
Lidwine,F,2
Paloma,F,2
Lalia,F,2
Louise-Marie,F,2
Marie-Nathalie,F,2
Marie Nadine,F,2
Cheryl,F,2
Damien,F,2
Arnaud,F,2
Salma,F,2
Anka,F,2
Anna Maria,F,2
Albanne,F,2
Genviève,F,2
Julianne,F,2
Blandine Camille,F,2
Alina,F,2
Yvelyse,F,2
Birgit,F,2
Myrtille,F,2
Reinette,F,2
Marie-Armande,F,2
Elga,F,2
Penny,F,2
Mara,F,2
Warda,F,2
Dondu,F,2
Marie-Bernardette,F,2
Paul,F,2
Salomé,F,2
Marie-Anna,F,2
Tonia,F,2
Kathya,F,2
Berangere,F,2
Dinah,F,2
Alexendra,F,2
Rose-Noelle,F,2
Ana Maria,F,2
Magdelena,F,2
Marie-Marcelle,F,2
Marie-Christophe,F,2
Andhumati,F,2
Elisemène,F,1
Anne-Gabrielle,F,1
Mirfet,F,1
Afidati,F,1
Marie Jésus,F,1
Maria-José,F,1
Eduarda,F,1
Indira,F,1
Margo,F,1
Yanick,F,1
Lénaïk,F,1
Axcelle,F,1
Vianney,F,1
Sanela,F,1
Marythée,F,1
Marie Josée Paule,F,1
Hava,F,1
Josline,F,1
Nora Taratua,F,1
"Marie-Claire, Waunaea",F,1
Delfina,F,1
Sylvide,F,1
Scholastie,F,1
Emmelie,F,1
Akoua-Marie,F,1
Stephane,F,1
Guylaine Geneviève,F,1
Joëlla,F,1
Annick Heipua,F,1
Anne-Emma,F,1
Mamy,F,1
Véréna,F,1
Jean-Philippe,F,1
Amable,F,1
Marie-Yolaine,F,1
Annie-Claire,F,1
Elianor,F,1
Mayka,F,1
Mamaya,F,1
Sadanati,F,1
Morane,F,1
Marie Danielle,F,1
Mirka,F,1
Elia,F,1
Marie Yolaine,F,1
Marie-Ingrid,F,1
Mjosé,F,1
Fazati,F,1
Jordane,F,1
Bâ-Batama,F,1
Noëlly,F,1
Emma Heimata,F,1
Mtherese,F,1
Vairiki,F,1
Rose-Noël,F,1
Aby,F,1
Hombeline,F,1
Zoumrata,F,1
Bénite,F,1
Mary-Lou,F,1
Chistriane,F,1
Sükran,F,1
Almundena,F,1
Lyla,F,1
Renée-Georges,F,1
Yolande Eliane,F,1
Firoze,F,1
Miriama,F,1
Leny,F,1
Sihame,F,1
Lise-May,F,1
Nadirati,F,1
Danila,F,1
Isabella,F,1
Ganaëlle,F,1
Oléna,F,1
Chrisis,F,1
Marthe Michelle,F,1
Salimaty,F,1
Anne-Lorraine,F,1
Cartherine,F,1
Abdelkader,F,1
Pippa,F,1
Julienne Elise,F,1
Christiane Aimée,F,1
Oldriska,F,1
Ginette Marcelle,F,1
Anne Sylvie,F,1
Ainati,F,1
Sokhna,F,1
Sevérine,F,1
Marjeri,F,1
Anne Hélène,F,1
Paule Pierrette,F,1
Samya,F,1
Soumicha,F,1
Belen,F,1
Marcelle-Elisabeth,F,1
Polyanne,F,1
Marie Amélie,F,1
Maiarii Alen,F,1
Leonne,F,1
Pelagie,F,1
Mgenevieve,F,1
Magon,F,1
Fifi,F,1
Nadine Odile,F,1
"Zainaba, Moinamaoulida",F,1
Havva,F,1
Jostadia,F,1
Dianga,F,1
Sylviane-Joëlle,F,1
Mélany,F,1
Eve Claire,F,1
Yasemin,F,1
Francina,F,1
Elma,F,1
Nathalie Marie Noëlle,F,1
Methéa,F,1
George-Andrée,F,1
Maryse Germaine,F,1
Mounziati,F,1
Rose Monde,F,1
Daourina,F,1
Jean-Guy,F,1
Windy,F,1
Yétémé,F,1
Marcelle Juliette,F,1
Rusmaeni,F,1
Martiale,F,1
Armanda,F,1
Nolino,F,1
Hinda,F,1
Emillie,F,1
Françoise Marie,F,1
Paskale,F,1
Marieangèle,F,1
Oneka,F,1
Marie-Argentine,F,1
Anny-Pierre,F,1
Cillia,F,1
Marie-Daniéla,F,1
Josephte,F,1
Forence,F,1
Samra,F,1
Dominiqie,F,1
Geneviéve,F,1
Tiaré,F,1
Marie-Clemence,F,1
Soinanti,F,1
Ervé,F,1
Jéronime,F,1
Elizabette,F,1
Marie Mylène,F,1
Lédie,F,1
Lory,F,1
July Catherine,F,1
Marie-Laëtitia,F,1
Angèle Marie,F,1
Anne-Lesley,F,1
Thérèse Ernest Nicaise,F,1
Gisella,F,1
Fiérouz,F,1
Anlamati,F,1
Cirila,F,1
Syndi,F,1
Aurette,F,1
Thalie,F,1
Sabdrine,F,1
Marie-Lazarine,F,1
Christèlle,F,1
Sohared,F,1
Céleste,F,1
Anne-Carine,F,1
Diamantine,F,1
Emilita,F,1
Marie Suzie,F,1
Dona,F,1
Marie-George Adélaïde,F,1
Dominic,F,1
Marie Angélina,F,1
Cyprienne,F,1
Danielie,F,1
Anne-Sabine,F,1
Elvige,F,1
Anne Flore,F,1
Chrisitne,F,1
Illuminada,F,1
Annis,F,1
Andrea Timiri,F,1
Kelmoume,F,1
Gerta,F,1
Anna-Laure,F,1
Maria-Thérésa,F,1
Léonette,F,1
Marie Eve,F,1
Rogette,F,1
Anoustia,F,1
Méthie,F,1
Lessia,F,1
Samiantte,F,1
Lucena,F,1
Teura Camelia,F,1
Lindsay,F,1
Lyane,F,1
Ghisaine,F,1
Marylinn,F,1
Régeane,F,1
Ouarda,F,1
Sacramento,F,1
Danita,F,1
Marie Charlotte,F,1
Fateha,F,1
Abdia,F,1
Sokona,F,1
Brigide,F,1
Athanaëlle,F,1
Anaick,F,1
Taddée,F,1
Annie Jeanne Agnès,F,1
Ramahata,F,1
Fadilla,F,1
Marie-Dolorès,F,1
Solveig,F,1
Loutta,F,1
Rosalind,F,1
Andhuma,F,1
Btissane,F,1
Raghnia,F,1
Doryna,F,1
Dannièle,F,1
Lysa,F,1
Aïna,F,1
Duclos,F,1
Mélanic,F,1
Faiza,F,1
Boramy,F,1
Maria Fernanda,F,1
Mary-Joëlle,F,1
"Christiane, Victoire Marie-Emm",F,1
Jouda,F,1
Nassima,F,1
Anemone,F,1
Henryanne,F,1
Anja,F,1
Aline Marie,F,1
Alixe,F,1
Elèna,F,1
Badia,F,1
Ouleï,F,1
Marie-Fleur,F,1
Aminda,F,1
Althéa,F,1
Agustina,F,1
Pricilla,F,1
Lyssa,F,1
Halina,F,1
Janitha,F,1
Diane-Sarah,F,1
Marie-Angélique,F,1
Lauris,F,1
Olfa,F,1
Marie Therese Nyon Yin,F,1
Anyse,F,1
Kim-Thuy,F,1
Benoîte Yvette,F,1
Cordula,F,1
Mérylène,F,1
Maha,F,1
Marie-Prudence,F,1
Palmyre,F,1
Raymond,F,1
Giselette,F,1
Margarethe,F,1
Rabeïa,F,1
Florentina,F,1
Rand,F,1
Roslyne,F,1
Adda-Betty,F,1
Yvonnette,F,1
Cendra,F,1
Yolande Isabelle,F,1
Chantale Marie-Thérèse,F,1
Sadrine,F,1
Annicik,F,1
Marie-Vanessa,F,1
Issabelle,F,1
Maire Claude,F,1
Ricardina,F,1
Fatira,F,1
Emeli,F,1
Marie-Janine,F,1
Kim-Chau,F,1
Payom,F,1
Landrada,F,1
Catherinne,F,1
Darie Angèle,F,1
Mirlène,F,1
Layana,F,1
Naïké,F,1
Lénaïc,F,1
Salmata,F,1
Ramlati,F,1
Ali,F,1
Séra,F,1
Ferdine,F,1
Annaïs,F,1
Cumin,F,1
Gelsomina,F,1
Laydie,F,1
Josette Marie-Claire,F,1
Rose Danielle,F,1
Lelia,F,1
Jillian,F,1
Anne-Luc,F,1
Christiane Dite Chantal,F,1
Marie Peggy,F,1
May-Rose,F,1
Teehu,F,1
Pairu,F,1
Marie-Gisèle,F,1
Djalia,F,1
Yael,F,1
Maristelle,F,1
Jutta-Inge,F,1
Aase,F,1
Vaina,F,1
Yaye Amy,F,1
Dimitra,F,1
Sylvie Marie-Anne,F,1
Lydie-Laure,F,1
Llham,F,1
Adrienna,F,1
Gérald,F,1
Achraf,F,1
Dauphine,F,1
Ombretta,F,1
Audrenn,F,1
Madhia,F,1
Yvonne-Marie,F,1
Massogbe,F,1
Mere,F,1
Martine Marie Christine,F,1
Marieanna,F,1
Maraéa,F,1
Tacko,F,1
Mahjouba,F,1
Jean-Charles,F,1
Marie-Loïck,F,1
Marylou,F,1
Eurydice,F,1
Ludiwine,F,1
Lebna,F,1
Marie Laetitia,F,1
Thithu,F,1
Bechia,F,1
Kaoukeb,F,1
Dorastella,F,1
Magalli,F,1
Marie Véronique,F,1
Henriane,F,1
Anne-Joel,F,1
Lucelle,F,1
Zomitsa,F,1
Celestine,F,1
Anathalie,F,1
Marie-Colombe,F,1
Solleyne,F,1
William,F,1
Lizé,F,1
Erna,F,1
Sofya,F,1
Jean Claude,F,1
Coraly,F,1
Burnouf,F,1
Mickaela,F,1
Laurence Varua,F,1
Natalène,F,1
Randide,F,1
Xuan,F,1
Gova,F,1
Raymonde Casimir,F,1
Cyriel,F,1
Cécyle,F,1
Myriam Thérèse,F,1
Mellys,F,1
Toiifiya,F,1
Valentina,F,1
Hikimati,F,1
Théodose,F,1
Tatania,F,1
Urielle,F,1
Moinahouri,F,1
Zouina,F,1
Marie-Pénélope,F,1
Zabida,F,1
Annouk,F,1
Sandia,F,1
Nadjet,F,1
Nancie,F,1
Euvielle,F,1
Florence Aline,F,1
Nadhira,F,1
Luz,F,1
Elfried,F,1
Dhati,F,1
Gémila,F,1
Claire-Alix,F,1
Marycke,F,1
Nejma,F,1
Maria-Elisa,F,1
Marie Nelly,F,1
Marian,F,1
Audrey-Gaelle,F,1
Tristane,F,1
Nagia,F,1
Abouchirou,F,1
Alijandra,F,1
Chafia,F,1
Ayse,F,1
Liliane Evelyne Flora,F,1
Vasilica,F,1
Anchoura,F,1
Alexane,F,1
Chrystène,F,1
Mazenn,F,1
Louazna,F,1
Montserra,F,1
Carel,F,1
Edit,F,1
Marie Claudette,F,1
Jeanne-Antide,F,1
Hadidja Bint,F,1
Claudinette,F,1
Joël Christine,F,1
Calogera,F,1
Alcinda,F,1
Elfriede,F,1
Adolé,F,1
Valérie Patricia,F,1
Yvonnette Sylvie,F,1
Mangala,F,1
Solédad,F,1
Magali Edmée,F,1
Channe,F,1
Marie-Gwenaëlle,F,1
Bergljot,F,1
Mikaële,F,1
Marie-Eglé,F,1
Odile Christine,F,1
"Mauricette, Alice",F,1
Téodora,F,1
Kaltoum,F,1
Franceska,F,1
Edite,F,1
Ervée,F,1
Emmanuellle,F,1
Bernadine,F,1
Josêphe,F,1
Rabianti,F,1
Jézaële,F,1
Jeanne-Reine,F,1
Sinanii,F,1
Bartolina,F,1
Rachida Diane,F,1
Anne-Béatrice,F,1
Dana,F,1
Marie Roses,F,1
Mohea,F,1
Loïdé,F,1
Trinité,F,1
Nany,F,1
Katiana,F,1
Licia,F,1
Agénor,F,1
Zelia Christine,F,1
Theresa,F,1
Reine-Marie Patricia,F,1
Marie Olga,F,1
Pépita,F,1
Jenovefa,F,1
Frédérica,F,1
Thua,F,1
Mauricette-Marie,F,1
Suzie Marie Reine,F,1
Annick-Brigitte,F,1
Nordine,F,1
Marcelyne,F,1
Venise,F,1
Elidie,F,1
Liane,F,1
Sheree,F,1
Lylliane,F,1
Anne Aymone,F,1
Nenette,F,1
Christana,F,1
Révelyne,F,1
Edménise,F,1
Helena,F,1
Anne-Aymone,F,1
Gabriel,F,1
Marie Manuelle,F,1
Marie Henriette,F,1
Gwenaêlle,F,1
Christane,F,1
Saudade,F,1
Mjosée,F,1
Lidivine,F,1
Joséphine Irène,F,1
Rose-Méry,F,1
Nayla,F,1
Matthieu,F,1
Carlène,F,1
Olga Christine,F,1
Alyson,F,1
Rajah,F,1
"Eugénie, Péag",F,1
Oubarka,F,1
Tatiha,F,1
Liberthe,F,1
Cassandre,F,1
Malaïka,F,1
Mayder,F,1
Zuzana,F,1
Susie,F,1
Michèle-Paule,F,1
Sylvie Rose,F,1
Magalie Joëlle,F,1
Josye,F,1
Salika,F,1
Adette,F,1
Marie-Patou,F,1
Marten,F,1
Celia Claire,F,1
Amantou,F,1
Monah,F,1
Aldegonde,F,1
Annie-Laure,F,1
A-Claude,F,1
Jeanne-Camille,F,1
Toilahati,F,1
Betsie,F,1
Nilda,F,1
Aznive,F,1
Marina Jacqueline,F,1
Babya,F,1
Marlis,F,1
Ariana,F,1
Marie-Pier,F,1
Monique Marc Joséphine,F,1
Marilyse,F,1
Reine-Lyne,F,1
Giovanna,F,1
Genoveffa,F,1
Maryn,F,1
Marie-Hélènve,F,1
Genéviève,F,1
Tressy,F,1
Marie-Geo,F,1
Mary-Sol,F,1
Mayi,F,1
Toni,F,1
Muriel Marie Nestor,F,1
Marie-Nöelle,F,1
Crisse,F,1
Anlyati,F,1
Nelle,F,1
Bertile,F,1
Micheline Mathieu,F,1
Armène,F,1
Bergerette,F,1
Fadhilati,F,1
Simone-Françoise,F,1
Richard,F,1
Zaharouna,F,1
Dahlila,F,1
Realina,F,1
Jounna,F,1
Ange,F,1
Consolation,F,1
Raluca,F,1
"Sandrine, Rita",F,1
Hatice,F,1
Ysabelle,F,1
Melynda,F,1
Luigi,F,1
Alicette,F,1
Steffie,F,1
Cinderella,F,1
Mouslimati,F,1
Lyscelle,F,1
Annnette,F,1
Maria Antoinette,F,1
Danuta,F,1
Henda,F,1
Eunice,F,1
Maria-Adélaïde,F,1
Marie-Natacha,F,1
Chrstelle,F,1
Prista,F,1
Cécile Louise Liliane,F,1
Taria,F,1
Anne Marie Tekakwitha,F,1
Marléne,F,1
Luz-Adriana,F,1
Arbela,F,1
Giovannina,F,1
Louise-Michèle,F,1
Marie Bernadette,F,1
Carmélina,F,1
Orida,F,1
Nanny,F,1
Brigiette,F,1
Tiarematatea,F,1
"Josée, Sylvianne",F,1
Margarette,F,1
Peta,F,1
Martin,F,1
Derroch Marie,F,1
Gwyneth,F,1
Marie Andrée Marceline,F,1
Margreet,F,1
Roselyne Caroline,F,1
Paraskévi,F,1
Elsie,F,1
Maire-Thérèse,F,1
Marie-Line Françoise,F,1
Mélika,F,1
Maria-Aurora,F,1
Marguerite Sylvie Hina,F,1
Letizia,F,1
Aniela,F,1
Ibtissen,F,1
Fergy,F,1
Argitxu,F,1
Elsbeth,F,1
Térèse,F,1
Jeannine Marie Thérèse,F,1
Josian,F,1
Marama,F,1
Calypso,F,1
Betsy,F,1
Lenaig,F,1
Mary-Chantal,F,1
Aysel,F,1
Michèle Simone,F,1
Sigrine,F,1
Djalila,F,1
Shaufane,F,1
Houzaïna,F,1
Philie,F,1
Frahate,F,1
Flaviana,F,1
Phanie,F,1
Bellas,F,1
Maria-Fransisca,F,1
Fédora,F,1
Mémouna,F,1
Hayet,F,1
Ennia,F,1
Nozhat,F,1
Clarisa,F,1
Anne-Karine,F,1
Louba,F,1
Alin,F,1
Lesly,F,1
Anne-Myriam,F,1
Grozia,F,1
Mathea,F,1
Mellie,F,1
Malica,F,1
Pautrika,F,1
Lysel,F,1
Marie-Anette,F,1
Godelieve,F,1
Kéziban,F,1
Léna Hinano,F,1
Fawzia,F,1
Tinaina,F,1
Elise Hilaire,F,1
Winifred,F,1
Arielle Sophie,F,1
Jeannine Françoise,F,1
Rahina,F,1
Sokha,F,1
Niki,F,1
Yvelise Flora,F,1
Arma,F,1
Mahee,F,1
Mayemouna,F,1
Kathrein,F,1
Estrela,F,1
Léslie,F,1
Karol,F,1
Corinnne,F,1
Marie Arlette,F,1
Vaiora Lydia,F,1
Françoise-Xavière,F,1
Nadiège Isabelle,F,1
Nazeia,F,1
Renée-Christiane,F,1
Marie Francine,F,1
Fardat,F,1
Delma,F,1
Cherazad,F,1
Brigitte Pâquer,F,1
Dominque,F,1
Anise,F,1
Darlène,F,1
Angele Prisca,F,1
Sibyle,F,1
Florence Muriel,F,1
Enrica,F,1
Jean Pierre,F,1
Mechthild,F,1
Carmina,F,1
Iouliia,F,1
Nazarat,F,1
Hervelyne,F,1
Iréné,F,1
Hassamet,F,1
Marie-Marguerite,F,1
Maissara,F,1
Eleri,F,1
Véronique-Mathilde,F,1
Bertilla,F,1
Birsen,F,1
Marie Sylvaine,F,1
Klara,F,1
Ouafa,F,1
Matika,F,1
Hinnd,F,1
Annaïc'K,F,1
Diliane,F,1
Ana Marta,F,1
Patricia Thérèse,F,1
Nezla,F,1
Djinn Purea,F,1
Carmelina,F,1
Marie-Farnçoise,F,1
Loana,F,1
Vanina Chantal,F,1
Manotte,F,1
Marie Micheline,F,1
Beverly,F,1
Mary-Jeanne,F,1
Sandra Marie Hélène,F,1
Circée,F,1
Ada,F,1
Luisella,F,1
Hero,F,1
Patricia Marie,F,1
Gwenhaëlle,F,1
Rajaa,F,1
Suzie Ghislaine,F,1
Lénaïg,F,1
Erminie,F,1
Marie-Victoria,F,1
Mikaëla,F,1
Laudie,F,1
Vivienne,F,1
Eliane Bernadette,F,1
Rafaëla,F,1
Marie Béatrice,F,1
Baraka,F,1
Vaiata,F,1
Michaële,F,1
Danielle Justin,F,1
Iryna,F,1
Shama,F,1
Rose-Elvire,F,1
Annemarieke,F,1
Thaïs,F,1
Annne-Françoise,F,1
Taoues,F,1
Palmira,F,1
Pancrace,F,1
Désiriane,F,1
Edgard,F,1
"Henriette, Séraï",F,1
Manda,F,1
Odette Alice,F,1
Aziliz,F,1
Suzy Antonie,F,1
Nathanaelle,F,1
Katharine,F,1
Catty,F,1
Hénda,F,1
Aldjia,F,1
Dorinne,F,1
Nadie,F,1
Wignanda,F,1
Yvonne Odile,F,1
Guyslaine,F,1
Mari-Claire,F,1
Saleema,F,1
Dilek,F,1
Kardiatou,F,1
Frabncine,F,1
Nizia,F,1
Reine-Claude,F,1
Sebastiana,F,1
Paolina,F,1
Justyna,F,1
Sadjianti,F,1
Charlotte Claire,F,1
Abbassia,F,1
Fleurelle,F,1
Julien,F,1
Akantee,F,1
Claudye,F,1
Maria Sabina,F,1
Concetta,F,1
Godeleine,F,1
Bathilde,F,1
Soyhati,F,1
Marie-Laura,F,1
Gallia,F,1
Anny-Chantal,F,1
Mercèdes,F,1
Iveline,F,1
"Sylvie, Solange, Agnes",F,1
Pitate,F,1
Anasthasie,F,1
Balbyne,F,1
Joannie,F,1
Poema,F,1
Kataline,F,1
Massabielle,F,1
Agné,F,1
Isaura,F,1
Maguy Thérèse,F,1
Britt,F,1
Siegelinde,F,1
Marie Aimée,F,1
Doriana,F,1
Marthe Marie,F,1
Pipiena,F,1
Gladis,F,1
Renée-Christine,F,1
Rozalia,F,1
Marie Anick Bernadette,F,1
Mokhtaria,F,1
Corinne Anatalie,F,1
Zinia,F,1
Fadile,F,1
Alexandre,F,1
Privane,F,1
Médhia,F,1
Marie-Therèse,F,1
Bernice,F,1
Margarète,F,1
Tria,F,1
Irisla Danielle,F,1
Dorianne,F,1
Natasha,F,1
Nisrine,F,1
Brigitee,F,1
Elvyne,F,1
Béâtrice,F,1
Kourati,F,1
Lysicne,F,1
Oriana,F,1
Véronique Adèle,F,1
Raoudhoiti,F,1
Tessa,F,1
Marie-Françoisee,F,1
Nicoline,F,1
Kalaiyarasi,F,1
Loréna,F,1
Marie Hélène Angéla,F,1
Irmtraut,F,1
Maddy,F,1
Virginie Evelyne,F,1
Alia,F,1
Liette,F,1
Perle,F,1
Andrée-Claude,F,1
Evelyne Irène Lise,F,1
Marie Herwine,F,1
Marie-Luisa,F,1
Benhaouadah,F,1
Laureen,F,1
Vaîana,F,1
Cigdem,F,1
Elif,F,1
Muriele,F,1
Gwenaille,F,1
Minetta,F,1
Zhora,F,1
Dephine,F,1
Yasmin,F,1
Marie-Christèle,F,1
Annerose,F,1
Déborah Anne,F,1
Vassiliki,F,1
Marie Emmanuelle,F,1
Netty,F,1
Eve Sandrina,F,1
Enna,F,1
Lê-Chînh,F,1
Marie-Chrsitine,F,1
Soyanie,F,1
Hanan,F,1
Marmie,F,1
Dee,F,1
Vélania,F,1
Rejeanne,F,1
Manuele,F,1
Adelyne,F,1
Guilenn,F,1
Anne Cecile,F,1
Mari-Luz,F,1
Bériza,F,1
Marie Iréna,F,1
Mayrvonne,F,1
Marie-Christell,F,1
Marie Mirella,F,1
Héliane,F,1
Danièle Dite Dani,F,1
Célline,F,1
Nicole Joëlle,F,1
Vaea,F,1
Simone Hélène,F,1
Oda,F,1
Elmire,F,1
Roselyn,F,1
Ombline,F,1
Lilianed,F,1
Lédye,F,1
Alésié,F,1
Nadjati,F,1
Marie Bernard,F,1
Marie-Michette,F,1
Rahadati,F,1
Rogatienne,F,1
Eylette,F,1
Rosandre,F,1
Rose-Blanche,F,1
Nicolina,F,1
Evelina,F,1
Gerarda,F,1
Nang,F,1
Carloine,F,1
Marie-Mireille,F,1
Zaïa,F,1
Ostiane,F,1
Heipua,F,1
Ursulla,F,1
Marie-Aimé,F,1
Marie-Blandine,F,1
Rémédios,F,1
Clodie,F,1
Marie-Bérengère,F,1
Andrée Marguerite,F,1
Marthe Marie Simone,F,1
Vania,F,1
Zite,F,1
Najate,F,1
Marième,F,1
Claire Pénélope,F,1
Marion Cristina,F,1
Idalina,F,1
Claudette Gilette,F,1
Yaye,F,1
Malissia,F,1
Marie-Pascaline,F,1
Paule-Marie,F,1
Amani,F,1
Anny-Claire,F,1
Senqsathith,F,1
J-Françoise,F,1
Morena,F,1
Azam,F,1
Cyriaque,F,1
Doumia,F,1
Rahiba,F,1
Ismérie,F,1
Abukan,F,1
Houdjatti,F,1
Zaminati,F,1
Fatma-Zohra,F,1
Natahlie,F,1
Orsola,F,1
Méhadée,F,1
Alicia Yvette,F,1
Marie Annaïck,F,1
Madeleine-Sophie,F,1
Georgianne,F,1
Alcides,F,1
Antouria,F,1
Maria Luisa,F,1
Sylveline,F,1
Guénia,F,1
Katrine,F,1
Pepe,F,1
Lizka,F,1
Anne-Maya,F,1
Jadwiga,F,1
Mmagdeleine,F,1
Malick,F,1
Afyfah,F,1
Marie Anise,F,1
Marieme,F,1
Micèle,F,1
Gigi,F,1
Armelline,F,1
Lindy,F,1
Andréa Marama,F,1
Karoline,F,1
Philys,F,1
Gilline,F,1
Ancelyne,F,1
Stellie,F,1
Josette Jeanne Raymonde,F,1
Léone Turereura,F,1
Angele Josephine,F,1
Stasia,F,1
Stéfane,F,1
Lucyna,F,1
Sékoura,F,1
Chafika,F,1
Marie-Patricia,F,1
Sylvie Suzanne,F,1
Judite,F,1
Alissone,F,1
Anyck,F,1
Ysild,F,1
Marie-Céliane,F,1
Heimana,F,1
Ghilava,F,1
Marie-Michele,F,1
Anelyse,F,1
Paulett,F,1
José-Marie,F,1
Fleurie,F,1
Marie Adélaïde,F,1
Imelda,F,1
Rolane,F,1
Ritva,F,1
Romana,F,1
Collette,F,1
Anliati,F,1
Nayma,F,1
Betina,F,1
Ban,F,1
Renza,F,1
Maéva,F,1
Sian,F,1
Marcelinne,F,1
Yamine,F,1
Théodora Dorine,F,1
Dyhia,F,1
Mouna Maoulida,F,1
Jihane,F,1
Vincenzzina,F,1
Kip,F,1
Benédicte,F,1
Rama,F,1
Sirra,F,1
Hubertina,F,1
Géa,F,1
Xénia,F,1
Sofa,F,1
Cécile-Pascale,F,1
Gisiane,F,1
Annie-Flore,F,1
Odile Yolande,F,1
Fabrina,F,1
Monelle,F,1
Marica,F,1
Marie-Najarès,F,1
José-Thérèse,F,1
Sema,F,1
Laaziza,F,1
Wendela,F,1
Fafa,F,1
Chryseline,F,1
Marie Majella Béatrice,F,1
Farial,F,1
Martine Cécile,F,1
Mari-Jo,F,1
Marie Noële,F,1
Marie-Agathe,F,1
Anthony,F,1
Nézha,F,1
Xaviéra,F,1
Létitia,F,1
Jeanne Betty,F,1
Lililane,F,1
Godleïne,F,1
Marie-Fance,F,1
Marie André,F,1
Appolonie,F,1
Elisabteh,F,1
Ganeviève,F,1
Orisia,F,1
Andjelka,F,1
Mthérèse,F,1
Katline,F,1
Aldjata,F,1
Margyl,F,1
Aurèle,F,1
Assiata,F,1
Fata,F,1
Agnita,F,1
Chaza,F,1
Roukya,F,1
Roser,F,1
Kérubi,F,1
Anne-Benedicte,F,1
Shanez,F,1
Linda Gisèle,F,1
Emilienne Marieta Atea Vahine,F,1
Sanae,F,1
Odylle,F,1
Hala,F,1
Georgia Angèle,F,1
Marelise,F,1
Achilla,F,1
Lysiane Gilda,F,1
Marie-Eveline,F,1
Rose-Elie,F,1
Jeanne Pierrette,F,1
Gaëdic,F,1
Doumainé,F,1
Nathelie,F,1
Ilaria,F,1
Marit,F,1
Julita,F,1
Nageate,F,1
Susy,F,1
Chrisitine,F,1
Marie Rosine,F,1
Oliviane,F,1
Floriane Cécile,F,1
José-Inès,F,1
Lucie Taio Teata,F,1
Ruffine,F,1
Maria-Da-Luz,F,1
Marie-Joselle,F,1
Sylviane Marie Louise,F,1
Janny-Claude,F,1
Leontine,F,1
Margherita,F,1
Angelika,F,1
Fozia,F,1
Rossella,F,1
Yacinthe,F,1
Elviane,F,1
Jaëlle,F,1
Alliance,F,1
Marie-Dhélia,F,1
Bania,F,1
Mari,F,1
Marie Térésa,F,1
Marie-Ambre,F,1
Mariame Binti,F,1
Slamia,F,1
Yannie,F,1
Nyse,F,1
Dénia,F,1
Ayate,F,1
Anne Virginie,F,1
Piétrina,F,1
George,F,1
Angèle Daria,F,1
Dominique Marie,F,1
Jean Paul,F,1
Argentine,F,1
Nini,F,1
Fabienne Marie,F,1
Marybel,F,1
Martine Françoise,F,1
Suly,F,1
Jessika,F,1
Chakila,F,1
Rose-Noëlle,F,1
Maurine,F,1
Erica,F,1
Naîla,F,1
Claire-Aurélie,F,1
Eléthysiane,F,1
Ramias,F,1
Siobhan,F,1
Anna-Katharina,F,1
Katelle,F,1
Tara,F,1
Marie Stella,F,1
Marie-André,F,1
Marie Claudine,F,1
Lutske,F,1
Elwire,F,1
Lauranne,F,1
Anne Sabine,F,1
Teipotemarama,F,1
Yolanda,F,1
Ruzica,F,1
Lunise,F,1
Azia,F,1
Domithile,F,1
Annie Thérèse,F,1
Gnamé,F,1
Bazimika,F,1
Anne Cécile,F,1
Marie Mimose,F,1
Dallila,F,1
Amira,F,1
Tahi,F,1
Marie-Aurélie,F,1
Mounira,F,1
Marie-Odile Berthe,F,1
Ouadia,F,1
Ilda,F,1
Seybah,F,1
Narany,F,1
Clélia,F,1
Taitua,F,1
Renetta,F,1
Marie-Maud,F,1
Laureline,F,1
Hana,F,1
Carmele,F,1
Eloïsa,F,1
Giselaine,F,1
Chistine,F,1
Francesca Paulina,F,1
Emita,F,1
Verka,F,1
Mercy,F,1
Rifcati,F,1
Sanah,F,1
Soro,F,1
Marie-Stéphane,F,1
Andrée Marie-Line,F,1
Anna Louise,F,1
Maïwenn,F,1
Rehema,F,1
Anne-Colette,F,1
Olalia,F,1
Mickaelle,F,1
Érika,F,1
Célyne,F,1
Ena,F,1
Corry,F,1
Patricia Julienne,F,1
Ledwina,F,1
Merzouba,F,1
Agnèszka,F,1
Andrée Laure,F,1
Jeannnick,F,1
Alexina,F,1
Eudeline,F,1
Romuald,F,1
Noëllie,F,1
Pasquine,F,1
Berengère,F,1
Lunie,F,1
Melissa Marie Elsa,F,1
Asra,F,1
Céine,F,1
Josiane Constance,F,1
Rémy,F,1
Sanja,F,1
Loriana,F,1
Marguerite Angeline,F,1
Syliamie,F,1
Marie Ursule,F,1
Marie-Roselyne,F,1
Benoite,F,1
Narie-Thérèse,F,1
Marelly,F,1
Solia,F,1
Mandine,F,1
Lucine,F,1
Anchiat,F,1
Anabel,F,1
Marwa,F,1
Claude Marie,F,1
Ohria,F,1
Josyne,F,1
Jeanne-Aimée,F,1
Primerose,F,1
Fathya,F,1
Marielyn,F,1
Camélia,F,1
Alice Aline,F,1
Tecla,F,1
Iman,F,1
Marie Annie,F,1
Chaffia,F,1
Janneke,F,1
Lourdes,F,1
Sidika,F,1
Mari-Dominique,F,1
Stéfania,F,1
Perline,F,1
Manila,F,1
Ramata,F,1
Germaine Paule,F,1
Gwendelyne,F,1
Marie-Valérie,F,1
Damarie,F,1
Elsa-Hélène,F,1
Oksana,F,1
Fataumata,F,1
Marie-Lysse Léonore,F,1
Afafe,F,1
Zélia,F,1
Patricia Samuelle,F,1
Ghjuvanna Francesca,F,1
Faosat,F,1
Nuala,F,1
Rose De Lima,F,1
Angela Marie,F,1
Candie,F,1
Abassoa,F,1
Yvette Léandre,F,1
Bérard,F,1
Sau Wah,F,1
Gentiane,F,1
Uriell,F,1
Dida,F,1
Coppelia,F,1
Loris,F,1
Orquidia,F,1
Fazilane,F,1
Samenta,F,1
Luana,F,1
Hiriata,F,1
Marie Fernande,F,1
Dhouha,F,1
Marie Camille Mireille,F,1
Marie Astride,F,1
Stéphanie Henriette,F,1
Muriels,F,1
Marie-Perrine,F,1
Sajia,F,1
Sigurd,F,1
Eudoxie,F,1
Jennye,F,1
Séphora,F,1
Confort Yemi,F,1
Cidalia,F,1
Gabrièle,F,1
Hazel,F,1
Chloe,F,1
Thérèse Marie,F,1
Nilsy,F,1
Anne-Priscille,F,1
Hina Nelly,F,1
Dominique-Isabelle,F,1
Marie Josette Augusta,F,1
Guillemine,F,1
Anne-Benoite,F,1
Théodosia,F,1
Mariel,F,1
Moïse,F,1
Vairani,F,1
Niry,F,1
Eugèna,F,1
Clarice,F,1
Marylhène,F,1
Marie-Josephine,F,1
Mahia Marie Madeleine,F,1
Gedy,F,1
Maria Thérésa,F,1
Constantina,F,1
Kattalin,F,1
Marie Felicite,F,1
Jonique,F,1
Encarnation,F,1
Lida,F,1
Anne Rita,F,1
Yanissa,F,1
Tiarau,F,1
Naâïma,F,1
Stéphaine,F,1
Lauréline,F,1
Marie-Monia,F,1
Cyria,F,1
Marie-Annyck,F,1
Anny-France,F,1
Selin,F,1
Monique Fernande,F,1
Stréphanie,F,1
Jessica Aurélie,F,1
Prospérine,F,1
Zénia,F,1
Madiana,F,1
Sarmela,F,1
Pamélia,F,1
Gabrielle Simone,F,1
Marie Lucie,F,1
Oumkaltoum,F,1
Guadalupe,F,1
Marie Elizabeth,F,1
Fatm,F,1
Maryvonnick,F,1
Patty,F,1
Maria-Ascension,F,1
Karene,F,1
Béate,F,1
Romany,F,1
Djeneba,F,1
Mary-Pier,F,1
Anaïk,F,1
Assimini,F,1
Serenella,F,1
Ulku,F,1
Chantal Teura,F,1
Hugette,F,1
Hadda,F,1
Luminita,F,1
Aline Marie Llouise,F,1
Loêtitia,F,1
Océane,F,1
Sumeyye,F,1
Thilda,F,1
Anne-Chrystelle,F,1
Zouhourati,F,1
Khadidja,F,1
Smicha,F,1
Claire-Odile,F,1
Maria-Rosa,F,1
Hanta,F,1
Rosianne,F,1
Méral,F,1
Ange-Hélène,F,1
Katarzyna,F,1
Macedo,F,1
Arletty,F,1
Marielise,F,1
Marie-Yannick,F,1
Amédée,F,1
Uté,F,1
France-Albine,F,1
Louise Micheline Mauohena,F,1
Felicia,F,1
Chrysanthe,F,1
Marie-Liner,F,1
Moeana,F,1
Idalia,F,1
Marie Josie,F,1
Brigitte-Sandra,F,1
Berthe Danielle,F,1
Jeromine,F,1
Marie-Angéline,F,1
Marie Gilda,F,1
Thouaiba,F,1
Vital,F,1
Aoua,F,1
Viora,F,1
Aline-Françoise,F,1
Natercia,F,1
Jani,F,1
Imène,F,1
Lalla-Zineb,F,1
Armaise,F,1
Avéda,F,1
Jeanne Toussainte,F,1
Marie Sol,F,1
Bermine,F,1
Paule-Emilie,F,1
Domininique,F,1
Josèphe Martine,F,1
Miggy,F,1
Simeonie,F,1
Anne-Andrée,F,1
Vaite Christiane,F,1
Tunis,F,1
Loré,F,1
Sihane,F,1
Férréoline,F,1
Latifha,F,1
Anne-Josy,F,1
Paule Toussainte,F,1
Pascale Cléo,F,1
Mary-Françoise,F,1
Noélie,F,1
Lorianne,F,1
Kathnyn,F,1
Anne-Aurélie,F,1
Debra,F,1
Mooniamah,F,1
Armandine,F,1
Lima,F,1
Gina Marie-Gabrielle,F,1
A.Cécile,F,1
Doriane Marcellise,F,1
Martine-Paule,F,1
Eliane Marie,F,1
Nerillia,F,1
Gheziel,F,1
Yasmina Laure,F,1
Naissat,F,1
Claris,F,1
Nohra,F,1
Guiseppina,F,1
Marie Colombe,F,1
Elisabelle,F,1
Régula,F,1
Candille,F,1
Onja,F,1
Gill,F,1
Etel,F,1
Valentina Hina Laurianne,F,1
Sévérinne,F,1
Awéna,F,1
Madina,F,1
Jocia,F,1
Annyelle,F,1
Thérèse Bernadine,F,1
Pascale Elisabeth,F,1
Michèle Odette,F,1
Manichanh,F,1
Lucilia,F,1
Joanna-Maria,F,1
Yaëlle,F,1
Marie Sylvette,F,1
Marie Lys,F,1
Marie-Luz,F,1
Ginou,F,1
Maria-Dolorés,F,1
Kenza,F,1
Audrey-Rose,F,1
Wladimira,F,1
Carmélite,F,1
Ennemonde,F,1
Célestia,F,1
Zaiha,F,1
Essia,F,1
Marie-Belem,F,1
Djora,F,1
Angéle,F,1
Maria-Christine,F,1
Zéphirine,F,1
Cécillia,F,1
Maria Vanina,F,1
Gipsy,F,1
Abassia,F,1
Anrifina,F,1
Nadia-Louise,F,1
Saida,F,1
Nohanne,F,1
Danièle Judith,F,1
France-Line,F,1
Pirscka,F,1
Birgitta,F,1
Laïma,F,1
Trautlinde,F,1
Fathey,F,1
Michelle-Colette,F,1
Consiglia,F,1
Tenuhiarii,F,1
Gwennaëlle,F,1
Zamouzame,F,1
Nalini,F,1
Paula Cristina,F,1
Nathalie Marie Andrée,F,1
Christabel,F,1
Maire-Claire,F,1
Rudya,F,1
Mirna,F,1
Gratiane,F,1
Marie Flora,F,1
Anne-Cecile,F,1
Hina,F,1
Paulina,F,1
Micocla,F,1
Julie Bertille,F,1
Jeanne Mary,F,1
Giséla,F,1
Rosella Pare,F,1
Sabrina Marie Béatrice,F,1
Mezhzoura,F,1
Temoeata,F,1
Sévim,F,1
Létizia,F,1
Mitara Carolina,F,1
Uzuri,F,1
Marie Florence,F,1
Magdaleina,F,1
Erell,F,1
Marie Daisy,F,1
Lilianna,F,1
Felixiane,F,1
Marie-Chrisitne,F,1
Shuana,F,1
Régine Céline,F,1
Maria-Luisa,F,1
Zélina,F,1
Sabelyne,F,1
Sélima,F,1
Alcine,F,1
Marie-Pierra,F,1
Heia Manina,F,1
Syl Viane,F,1
Sabinet,F,1
Debora,F,1
Aspasic,F,1
Catérina,F,1
Malékalita,F,1
Berdanette,F,1
Araceli,F,1
Renée-Noëlle,F,1
Sonja Corine,F,1
Mclaude,F,1
Marquita,F,1
Bahar,F,1
Rosite,F,1
Nasserra,F,1
Lou,F,1
Anithe,F,1
Maléka,F,1
Anne Isabelle,F,1
Sandaty,F,1
Céverine,F,1
Marie-Stella,F,1
Anne Gaelle,F,1
Jacqui,F,1
Christine Marie Françoise,F,1
Nadina,F,1
Marie Eulalie,F,1
Ketchanh,F,1
Gérasime,F,1
Geneviévre,F,1
Daîbadji,F,1
Heldwidge,F,1
Marie Lise,F,1
Thi Bich Ha,F,1
Boueni-Echat,F,1
Hinde,F,1
Chrystine,F,1
Gamila,F,1
Liberty,F,1
Marie-Josselyne,F,1
Ouafae,F,1
Paule-Andrée,F,1
Irmgarde,F,1
Esteban,F,1
Aissa,F,1
Alar,F,1
Dahbia,F,1
Marie-Hyacinthe,F,1
Lilly,F,1
"Marie, Blanche, Dominique",F,1
Meguy,F,1
Kadéjat,F,1
Fédeline,F,1
Ciska,F,1
Claude-Alexandra,F,1
Johan,F,1
Yvonne Mélanie,F,1
Vahua Arii Josephine,F,1
Reotini,F,1
Guérita,F,1
Hafida Anne,F,1
Isalyne,F,1
Imke,F,1
Catherine Marie Emmanuelle,F,1
Rossana,F,1
Amaya,F,1
Marie-Loise,F,1
Nujat,F,1
Henri-Claude,F,1
Any-Claude,F,1
Moinecha,F,1
Loren,F,1
Maitee,F,1
Aldona,F,1
Maylane,F,1
Naouale,F,1
Carine Nathalie,F,1
Jalila,F,1
Marie Danièle,F,1
Héliette,F,1
Marie-Agnièle,F,1
Isabelle Patricia,F,1
Beryl,F,1
Ceverine,F,1
Veerle,F,1
Anne-Frédérique,F,1
Rosinda,F,1
Rose--Marie,F,1
Angélica,F,1
Assuntina,F,1
Phalma,F,1
Georgina Tina,F,1
Yves-Line Hilaire,F,1
Hélyett,F,1
Marie-Gaëlle,F,1
Herminia,F,1
Nathalie-Garance,F,1
Shérazade,F,1
Saîna,F,1
Luzette,F,1
Carine Jeanne,F,1
Isidora,F,1
Aline-Sophie,F,1
Tzetana,F,1
Ulricke,F,1
Fleurette,F,1
Maria-Laura,F,1
Marie-Myriam,F,1
Laudenia,F,1
Philiberte,F,1
Thelma Fay,F,1
Camilla,F,1
Narcisse,F,1
Marino,F,1
Salia,F,1
Bérangére,F,1
Maela,F,1
Rosette Sylviane,F,1
"Dartoumi, Zaina",F,1
Fiorina,F,1
Clelie,F,1
Rose Blanche,F,1
Inez,F,1
Firmine,F,1
Faden,F,1
Titaina,F,1
Anastasie,F,1
Méredith,F,1
Kelly Marie Neera,F,1
Clarita,F,1
Kaméla,F,1
Elgine,F,1
Niakalé,F,1
Laorens,F,1
Macha,F,1
Hasnaa,F,1
Sirène,F,1
Antoinnette,F,1
Erwane,F,1
Maly,F,1
Krystyna,F,1
Bogoul,F,1
Benaïssa,F,1
Naceira,F,1
Gerdina,F,1
Djemma,F,1
Valérie-Fernande,F,1
Kéa,F,1
Moisette,F,1
Odete,F,1
Sérafina,F,1
Chritel,F,1
Maria Blanca,F,1
Line Rose,F,1
Saberra,F,1
Radegonde,F,1
Nawell,F,1
Anïe,F,1
Léon,F,1
Marie-Magdelaine,F,1
Anchia,F,1
Charlene,F,1
Bethy,F,1
Giliette,F,1
Darasit,F,1
Miriame,F,1
Audride,F,1
Mennana,F,1
Jana,F,1
Armonia,F,1
Zorh,F,1
Sarina,F,1
Kaourintine,F,1
Honora,F,1
Marie Suzette,F,1
Maika,F,1
Wilhemine,F,1
Pascaline Marie Sabrina,F,1
Morija,F,1
Moktaria,F,1
Badiaâ,F,1
Salah,F,1
Annig,F,1
Yana,F,1
Marie Geneviève,F,1
Mlaure,F,1
Amèle,F,1
Vaty,F,1
Fahima,F,1
Maryleine,F,1
Zamourati,F,1
Teruirau Jeanne,F,1
Dulcinda,F,1
Joséfa,F,1
Betty Christelle,F,1
"Ivana, Judith",F,1
Mariefrance,F,1
Marinetta,F,1
Jeanny-Claude,F,1
Carmène,F,1
Marie-Thérère,F,1
Andrey,F,1
Ivy,F,1
Valérie Luce,F,1
Anne Bernadette,F,1
Olga Nicole,F,1
Maddi,F,1
Penelope,F,1
Doniette,F,1
Kilmeny,F,1
Léande,F,1
Phetmany,F,1
Auria,F,1
Merylle,F,1
Alexis,F,1
Tiareroa,F,1
Tonya,F,1
"Soirifa, Moinaidi",F,1
Agathe Marie,F,1
Amaria,F,1
Lise-Noëlle,F,1
Saindy,F,1
Lyn,F,1
Coécilia,F,1
Jean-Christophe,F,1
Rofaki Pauline,F,1
Marie-Vivienne,F,1
Sabrine,F,1
Elie,F,1
Micky,F,1
Ferroudja,F,1
Emeraude,F,1
Mamassa,F,1
Bousso,F,1
Annonciata,F,1
Khady,F,1
Manuélita,F,1
Marie-Georgette,F,1
Anne-Brigitte,F,1
Anne-Constance,F,1
Raffaella,F,1
Zahira,F,1
Béatrice Justine,F,1
Jacquesline,F,1
Andrée Jeanne,F,1
Alizée,F,1
"Sandrine, Clara",F,1
Thésy,F,1
Anne-Loc,F,1
Mahel,F,1
Genylène,F,1
Nesrine,F,1
Yolanie,F,1
Valérie²,F,1
Adjoua,F,1
Khairia,F,1
Bedhaazz,F,1
Elysée,F,1
Marie-Dominica,F,1
Mary-Hélène,F,1
Lydia Dorothee,F,1
Hannah,F,1
Minerva,F,1
Marie-Clothilde,F,1
Marie Solange,F,1
Joséane,F,1
Nadine-Pénélope,F,1
Leda,F,1
Zeina,F,1
Karyne,F,1
Mekioussa,F,1
Monique Brigitte,F,1
Moufidat,F,1
Marie Dolorès,F,1
Ruita,F,1
Kékélia,F,1
Karmen,F,1
Janila,F,1
Samatha,F,1
Loretta,F,1
Hildgarde,F,1
Lorencia,F,1
Magalie Lorenza,F,1
Lisel,F,1
Mari-José,F,1
Segolene,F,1
Yassine,F,1
Lyacout,F,1
Siradji,F,1
Georgette Marie Andrée,F,1
Marie-Sygne,F,1
Teruirau,F,1
Christy,F,1
Noella,F,1
Loïc,F,1
Dorice,F,1
Marie Aliette,F,1
Maxette,F,1
Sylvanie,F,1
Maritza,F,1
Malicka,F,1
Harriet,F,1
Ilhane,F,1
Martha Marie,F,1
Marie Julie,F,1
Marie Scholastique Béatrice,F,1
Sacika,F,1
Roselande,F,1
Gueria,F,1
Guity,F,1
Josephe Joséphine,F,1
Romanella,F,1
Jacqueliqne,F,1
Mirella Barhélémy,F,1
Jeannette Mireille,F,1
Marie-Gracieuse,F,1
Priça,F,1
Fadimé,F,1
Raouda,F,1
Marie Annie Rose,F,1
Claire-Lucile,F,1
Brunehilde,F,1
Rose Thérèse,F,1
Carol Ann,F,1
Maria Domenica,F,1
Marie--Claire,F,1
Karèle,F,1
Greta,F,1
Norah,F,1
Frenesee Jennifer,F,1
Viannette,F,1
Oumy,F,1
Naouel,F,1
Rosana,F,1
Mie-Christine,F,1
Maia,F,1
Sylvie-Olympe,F,1
Lovely,F,1
Anne-Christelle,F,1
Lyuba,F,1
Jeanne Constance,F,1
Autje,F,1
Faouziya,F,1
Gyliane,F,1
Teretia Hitirere,F,1
Antuya,F,1
Joséphine Namoeata,F,1
Balbina,F,1
Binti,F,1
Mihiarii,F,1
Gaëlla,F,1
Mélodie,F,1
Céline-Blanche,F,1
Yolande Titaua,F,1
Heloïse,F,1
Gislhène,F,1
Songül,F,1
Samanta,F,1
Sama,F,1
Déhlia,F,1
Marystanne,F,1
Gwanaëlle,F,1
Eulalie,F,1
Marietta Odette,F,1
Jacqueline Anne-Marie,F,1
Mirina-Michèle,F,1
Iélo,F,1
Anne-Sixtine,F,1
Yvonne Dominique,F,1
Alida,F,1
Rahouda,F,1
Norbert,F,1
Lionella,F,1
Maurea,F,1
Stelliane,F,1
Ouafah,F,1
Domina,F,1
Sathya,F,1
Laurette-Anne,F,1
Brunelle,F,1
Marcienne,F,1
Jean-Noël,F,1
N'Deye Fatou,F,1
Marie Anne Nadine,F,1
Georgette Godfroy,F,1
Soukaïna,F,1
Valélia,F,1
Hourouoiti,F,1
Thangammah,F,1
Liva,F,1
Alyette,F,1
Adelien,F,1
Lucie Elisabeth,F,1
Liên,F,1
Marie-Guylaine,F,1
Maryka,F,1
Claire Marie,F,1
Marie-Yvette,F,1
Lisabeth,F,1
Mikaëlle,F,1
Marie-Suzy,F,1
Miren Bakartxo,F,1
Marie-Corinne,F,1
Cornélie,F,1
Fredérique,F,1
Hugoline,F,1
Gwénaële,F,1
Felicite,F,1
Jeanne-Alice,F,1
Marjan,F,1
Nourainya,F,1
Ladhati,F,1
Maria Carmen,F,1
Chistèle,F,1
Séréna,F,1
Liline,F,1
Pastora,F,1
Sandrine Marie-José,F,1
Tounès,F,1
Enid,F,1
Frédérique Marie Anne,F,1
Lucianne Jeanne,F,1
Samuèle,F,1
Chrissie,F,1
Clodette,F,1
Reina,F,1
Berthine,F,1
Sabria,F,1
Joséline,F,1
Moinahécha,F,1
Cati,F,1
Marie-Lucette,F,1
Catherine Marie,F,1
Hélène Meriene,F,1
Mijo,F,1
Taousse,F,1
Marie Héléne,F,1
Janik,F,1
Carol-Lina,F,1
Bedra,F,1
Marie-Délie,F,1
Rolland,F,1
Nicole Marie,F,1
Onésime,F,1
Chiffaou,F,1
Linzi,F,1
Laurene,F,1
Danye,F,1
Djaouhari,F,1
Radia,F,1
Cressy,F,1
Teragi,F,1
Marleine,F,1
Phirun,F,1
Marie Priscilla,F,1
Thoulabati,F,1
Amelle,F,1
Myriam Chantal,F,1
Yebezawit,F,1
Coumba,F,1
Kadiatou,F,1
Slavenka,F,1
Frédérika,F,1
Clairline,F,1
Toirikati,F,1
Romualda,F,1
Bernardine,F,1
Nour,F,1
Silvina,F,1
Khemsa,F,1
Dialy,F,1
Antikati,F,1
Estella,F,1
Urszula,F,1
Marie Vivienne,F,1
Lélia,F,1
Éva,F,1
Tahia,F,1
Raoudha,F,1
Gervais,F,1
Sharifah,F,1
Saadika,F,1
Tahéra,F,1
Rebecca Louise,F,1
Myllene,F,1
Betty Simone,F,1
Marie-Jean,F,1
Rose Andrée,F,1
Marie-Lucienne,F,1
Anne-Véfa,F,1
Marie Agathe,F,1
Margotte,F,1
Catheleen,F,1
Nirvana,F,1
Verity,F,1
Mavis,F,1
Dorra,F,1
Michèle-France,F,1
Marlette,F,1
Marie-Yvonne Francis,F,1
Théodore,F,1
Janice,F,1
Ermigna,F,1
Jan,F,1
Marie Séverine,F,1
Marlyn,F,1
Daniell,F,1
Htaya,F,1
"Nadège, Gisele, Marie",F,1
Carelle,F,1
Marie Annonciade,F,1
Maynor,F,1
Maritne,F,1
Cecyl,F,1
Erminia,F,1
Terrie,F,1
Fan,F,1
Teroroiti Haupuni,F,1
Gaye,F,1
Pascale Léontine,F,1
Miri Josiane,F,1
Stéphanie Marie-Isabelle,F,1
Caroll,F,1
Sarasvady,F,1
Lylyane,F,1
Marie-.Jeanne,F,1
Alzira,F,1
Maria-Monica,F,1
Peguy,F,1
Brigittte,F,1
Edouarine,F,1
Cattherine,F,1
Dorita,F,1
Ounissa,F,1
Marie-Annik,F,1
Marie-Elda,F,1
Françoise Mathurine,F,1
Marie Yvlise,F,1
Annelli,F,1
Ralida,F,1
Katiane,F,1
Nadhrati,F,1
Africa,F,1
Margueritemarie,F,1
Taïs,F,1
Chewki,F,1
Estelle Chantal,F,1
Filoména,F,1
Christiine,F,1
Tsoca,F,1
Anne-Michèle,F,1
Anne-Michelle,F,1
Lyda,F,1
Keira,F,1
Tiare,F,1
Toilihati,F,1
Guilda,F,1
Nimet,F,1
Marlène Silvère,F,1
Terpsihore,F,1
Vélia,F,1
Ineès,F,1
Beverley,F,1
Ginny,F,1
Cristela,F,1
Anne Christine,F,1
Brunhilde,F,1
Lanah,F,1
Eztitxu,F,1
Anithas,F,1
Eliane Bruno,F,1
Rita Maeva,F,1
Marie-Trinité,F,1
Fari,F,1
Angeles,F,1
Rouquiyata,F,1
Hinano Lesline,F,1
Chaïneze,F,1
Carole-Anne,F,1
Liseby,F,1
Ngandu,F,1
Lamyaa,F,1
Joslyn,F,1
Jéssica,F,1
Céliane,F,1
Emelienne,F,1
Yanne-Marie,F,1
Alisone,F,1
Insa,F,1
Achille,F,1
Maggi,F,1
Aniami,F,1
Ghania,F,1
Mickaele,F,1
Yannique,F,1
Charity,F,1
Maria-Luci,F,1
Takeli,F,1
Zaia,F,1
Lawrence,F,1
Guenhaëlle,F,1
Vaite,F,1
Gatienne,F,1
Chrisleine,F,1
Annie-Odile,F,1
Ghyslène,F,1
Prunelle,F,1
Auriya,F,1
Anne Dominique,F,1
Louisa Peurau,F,1
Maddly,F,1
Sophie-Caroline,F,1
Joke,F,1
George Henriette,F,1
Ouacilla,F,1
Vaiete,F,1
Jeanou,F,1
Gishlène,F,1
Janyne,F,1
Clédia,F,1
Mataroa,F,1
Maimouna,F,1
Jadée,F,1
Carolin,F,1
Bity,F,1
Donata,F,1
Leticia,F,1
Marie-Sylvaine,F,1
Ekaterina,F,1
Tracey,F,1
Emmelyne,F,1
Louisettte,F,1
Loïs,F,1
Mighuette,F,1
Polly,F,1
Dalèl,F,1
Nevin,F,1
Sulianne,F,1
Paule-Maryse,F,1
Yvon,F,1
Norhouda,F,1
Drifa,F,1
Aleksandra,F,1
Séverinne,F,1
Florense,F,1
Nasséra,F,1
"Suzanne, Eönako",F,1
Maria De Los Angeles,F,1
Brinda,F,1
Martine Suzie,F,1
Rabianti Bint,F,1
Jacqueline-Renée,F,1
Galiène,F,1
Fidelma,F,1
Soëzic,F,1
Maguy Dominique,F,1
Matée,F,1
Anne Sybille,F,1
Elsa-Dominique,F,1
Hedjila,F,1
Anne-Bénédicte,F,1
Silvy,F,1
Pepita,F,1
Joèle,F,1
Mary-Claudy,F,1
Audrey Marie-Catherine,F,1
Andreline,F,1
Anne-Lucie,F,1
Hirmine,F,1
Gnimanding,F,1
Marie-Clet,F,1
Matata,F,1
Caude,F,1
Philimene,F,1
Murielle Sylvia,F,1
Marie Lyne,F,1
Nessrine,F,1
Raymonde Marie,F,1
Odile Tahianohouhoko,F,1
Catherine-Marie,F,1
Aléssia,F,1
Sevgi,F,1
Anne Blandine,F,1
Maryèle,F,1
Nihad,F,1
Marie-Clara,F,1
Gillian Anne,F,1
Bã¿Â©Atrice,F,1
Bibi Badaanti,F,1
Marie Francoie,F,1
Diarietou,F,1
Danielle Simone,F,1
Innis,F,1
Bénédict,F,1
Michette,F,1
Abida,F,1
Jasmika,F,1
Guenièvre,F,1
Derya,F,1
Michaëlla,F,1
Mabrouka,F,1
Marie-Simone,F,1
Cory,F,1
Taraina,F,1
Maria Elena,F,1
Marie-Gabriel,F,1
Mazéna,F,1
Laura-Mona,F,1
Tavavi,F,1
Blijke,F,1
Lucien,F,1
Mallory,F,1
Marie-Elsa,F,1
Marisol,F,1
Joao,F,1
Nathaele,F,1
Blanche Reine,F,1
Mari-Carmen,F,1
Brigite,F,1
Angèlique,F,1
Dara,F,1
Bilitis,F,1
Garance,F,1
Asamtathayalini,F,1
Séta,F,1
Hajasoa,F,1
Maria-Fatima,F,1
Korogho,F,1
Leaticia,F,1
André-Marie,F,1
Hayette,F,1
Bacouba,F,1
Mavouna,F,1
Vakérue,F,1
Micheyle,F,1
Meghann,F,1
Deanna,F,1
Jacinthe,F,1
Jasmine Léonie,F,1
Georgettes,F,1
Stépahnie,F,1
"Maryline, Julia",F,1
Nise,F,1
Maria-Dolores,F,1
T.Marie,F,1
Eliene,F,1
Hely,F,1
Valérianne,F,1
Neyla,F,1
Saoudati,F,1
Audrée,F,1
Enide,F,1
Aliège,F,1
Esetera,F,1
Moiriziki,F,1
Keltoum,F,1
Linaïk,F,1
Deslinda,F,1
Guetty Paule,F,1
Vilaine,F,1
Marie-Odile Romuald,F,1
Gaxuxa,F,1
Dounia,F,1
Lyvie,F,1
Claude-Annick,F,1
Assani,F,1
Claude-Agnès,F,1
Oxana,F,1
Chistiane,F,1
Mitra,F,1
Georgette Mimose,F,1
Fréderique,F,1
Lucie Yvonne,F,1
Glennie,F,1
Davida,F,1
Okbia,F,1
Monjia,F,1
Mychèle,F,1
Vincentella,F,1
Janou Clotilde,F,1
Jhycelaine,F,1
Marie Abelle,F,1
"Pauline, Cecile",F,1
Marie Davilla,F,1
Florienne,F,1
Lorena,F,1
Mpierre,F,1
Franziska,F,1
Eugénie Livia,F,1
Marie Jacqueline,F,1
Donia,F,1
Nélie,F,1
Marie-Benita,F,1
Marie-José Désiré,F,1
Syndia,F,1
Ghezala,F,1
Aldina,F,1
Annie Claire,F,1
Laurelia,F,1
Gretelle,F,1
Lise-Rose,F,1
Danielle Marie Nadège,F,1
Chrstine,F,1
Jacquie,F,1
Marie-Mathilde,F,1
Chella,F,1
Isandre,F,1
Claude Paule,F,1
Ivanne,F,1
Marie-Scholastique,F,1
"Sittiratie, Fourahati, Zéna",F,1
Henrika,F,1
Félice,F,1
"Regine, Angele, Marie",F,1
Ludwina,F,1
Ambaria,F,1
Salamati,F,1
Lubisa,F,1
Marie-Yollande,F,1
Maddalena,F,1
Leïlla,F,1
Anrafat,F,1
Mrahati,F,1
Fatine,F,1
Emidia,F,1
Anne Françoise,F,1
Dahabia,F,1
Maria-Fernanda,F,1
R. Marie,F,1
Marie Hélen,F,1
Nikki,F,1
Waxejima,F,1
Fanit,F,1
Dagmar,F,1
Sofi,F,1
Zofia,F,1
Noemi,F,1
Ivane,F,1
Paule-Hélène,F,1
Djamilas,F,1
Erle,F,1
Germain,F,1
Randi,F,1
Zhor,F,1
Marilia,F,1
Valentine Christianne,F,1
Anne Emmanuelle,F,1
Pang,F,1
Maire-Pierre,F,1
J Marie,F,1
Maizena,F,1
Dylma,F,1
Perrette,F,1
Cerise,F,1
Olga Valentine,F,1
Marisie,F,1
Melaine,F,1
Wissal,F,1
Alvine,F,1
Alice Juliette,F,1
Vivienne Marie,F,1
Saandiya,F,1
Andrée-Michèle,F,1
Suchitra,F,1
Solange Socrate,F,1
Marie Heliette,F,1
Maria Pilar,F,1
Sherazade,F,1
Maria-Carmela,F,1
Madelaine,F,1
Aggélique,F,1
Varténie,F,1
Anahi,F,1
Vola,F,1
Maarit,F,1
Marilena,F,1
Maryline Danièle,F,1
Maoya,F,1
Jeanne Odile,F,1
Natividad,F,1
Francia-Elise,F,1
Aude-Claire,F,1
Ysmérie,F,1
Lysette,F,1
Ahutiare Marie-Therese,F,1
Salimata,F,1
Ihjeb,F,1
Elodie Damaris,F,1
Oisti,F,1
Juliana Maeva,F,1
Larah,F,1
Noelie,F,1
Rodhène,F,1
Ode,F,1
Giberte,F,1
José-Christine,F,1
Aletvina,F,1
Francelyse,F,1
Rachael,F,1
Majida,F,1
Cherifa,F,1
Siti-Kamaria,F,1
Timmy,F,1
Chryshélène,F,1
Irma Agnès,F,1
Patricia Marguerite,F,1
Nadhuifa,F,1
Hermancia,F,1
Joanny,F,1
Rozann,F,1
Quiterie,F,1
Maria Serena,F,1
Denise Dominique,F,1
Dométhyle,F,1
Méda,F,1
Scarlet,F,1
Casarie,F,1
Laure Audrey,F,1
Moimoudou,F,1
Louisanne,F,1
Ming Ging,F,1
Conchetta,F,1
Sihem,F,1
Euphrasine,F,1
Nabia,F,1
Marie Louisette,F,1
Nicaise,F,1
Awa,F,1
Moussard-Nadine,F,1
Mayda,F,1
Dannielle,F,1
Karem,F,1
Marguerite Marie,F,1
Annique,F,1
Alima,F,1
Dam Dam,F,1
Saveria,F,1
Rmarie,F,1
Hassna,F,1
Windie,F,1
Merryl,F,1
Badra,F,1
Alize,F,1
Marie Rolande,F,1
Fazila,F,1
Barka,F,1
Perla,F,1
Cyndi,F,1
Victorina,F,1
Judy,F,1
Jeanne-Maryse,F,1
Syviane,F,1
Gracienne,F,1
Ariella,F,1
Ondine,F,1
Bachra,F,1
Chantal Marie Danielle,F,1
Francçoise,F,1
Noellie,F,1
Soïzick,F,1
Evy,F,1
Élisa,F,1
France Line,F,1
Gudrun,F,1
Alieth,F,1
Soufya,F,1
Jeanne-Rose,F,1
Lorenza,F,1
Elinka,F,1
Claidine,F,1
Dulcencia,F,1
"Sitti, Hamida",F,1
Tevahinepaio,F,1
Zaoudjati,F,1
Barberine,F,1
Line-Ange,F,1
Marie-Josèphejo,F,1
Gréta,F,1
Eulalie Tahia,F,1
Marie-Thérèse Marguerite,F,1
Immelda,F,1
Sanda,F,1
Floréal,F,1
Khristine,F,1
Maria-Thérèsa,F,1
Nuran,F,1
Celina Mere,F,1
Martial,F,1
Ide,F,1
Grete,F,1
Susane,F,1
Gonny,F,1
Paita,F,1
Anne Michèle,F,1
Nestor Irène,F,1
Anne-Raphaële,F,1
Annunciata,F,1
Mouni,F,1
Monqiue,F,1
Roiti Paulette,F,1
Bint Halima,F,1
Lenaïck,F,1
Benvinda,F,1
Ina,F,1
Elisemene,F,1
Laisely,F,1
Xole,F,1
Yutta,F,1
Paule-Emmanuelle,F,1
Urbaine,F,1
Katiba,F,1
Anne Pascale,F,1
Azelia,F,1
Pascalène,F,1
Chantal Yvette,F,1
Genevièvre,F,1
Flory,F,1
Alexiane,F,1
Valérie Christiane,F,1
Asya,F,1
Josy Anne,F,1
Nadiah,F,1
Brenda Leïla,F,1
Rose Pauline,F,1
Mieke,F,1
Fardati,F,1
Marie-Margarida,F,1
Vivian,F,1
Richardine,F,1
Brice,F,1
J.Marie,F,1
Dorothé,F,1
Fabiène,F,1
Temake,F,1
Patsy,F,1
Jackie-Laure,F,1
Marguerita,F,1
Rébéca,F,1
Saleha,F,1
Mariella,F,1
Françoise-Christiane,F,1
Giacoma,F,1
Lidia,F,1
Katleen,F,1
Tiana,F,1
Ndèye Satala,F,1
Eunite,F,1
Liolita,F,1
Sanne,F,1
Heike,F,1
Larem,F,1
Félicita,F,1
Mari-Anne,F,1
Carolanne,F,1
Ysalnie,F,1
Anny-Claude,F,1
Gaédic,F,1
Jehane,F,1
Kristelle,F,1
Eritapeta,F,1
Nova,F,1
Marie Fatima,F,1
A. Sophie,F,1
Maria-Térésa,F,1
Arsène,F,1
Kawthar,F,1
Jéromie,F,1
Rosamond,F,1
Arlette-Dominique,F,1
Dominique Pétronille,F,1
Zoulikha,F,1
Silvye,F,1
Dehiba,F,1
Rahaty,F,1
Laurentine,F,1
Mary-Lyne,F,1
Athanase,F,1
Monique Marie Danielle,F,1
Anne-Josèphe,F,1
Joselle,F,1
Choua,F,1
Albina,F,1
Moufida,F,1
Arckaïa,F,1
Léonore,F,1
Andrée Josiane,F,1
Nadhéra,F,1
Khera,F,1
Dely,F,1
Satima,F,1
Marie-Vitaline,F,1
Beltrande,F,1
Eloïna,F,1
Girolama,F,1
Mirette,F,1
Rose-Noële,F,1
Marvella,F,1
Souheila,F,1
Taruta Dite Tapita,F,1
Anique,F,1
Marie-Dolène,F,1
Cymthia,F,1
Triphonie,F,1
Aurora,F,1
Fançoise,F,1
Marie-Joe,F,1
Gwennaelle,F,1
Lia,F,1
Heddie,F,1
Marie-Noêl,F,1
Marie Josèph,F,1
Carmona,F,1
Dorata,F,1
Enriqueta,F,1
Marie-Vianette,F,1
Jamaïna,F,1
Hürizet,F,1
Frédérique Marie,F,1
Almérinda,F,1
Akata,F,1
Gwenhaële,F,1
Sylvana Teupoo,F,1
Vahineau,F,1
Nancette,F,1
Frantz,F,1
Lucine Marie,F,1
Patricia Mylène,F,1
Zalika,F,1
Bircan,F,1
Nunzia,F,1
Paulette Hélyette,F,1
Armellle,F,1
Aannic,F,1
Félicia Angèle Rose,F,1
Maria-Bristina,F,1
Marie Joëlle,F,1
Marie-Emanuelle,F,1
Sylvie-Josiane,F,1
Nathalie Marie Annick,F,1
Marie-Lydie,F,1
Elocodia,F,1
Clodine,F,1
Jannette,F,1
Rosina Tekura,F,1
Nouriati,F,1
Margareth Valérie,F,1
Séseume,F,1
Léopoldine,F,1
Milagro,F,1
"Lucienne, Sylvie",F,1
Majdoline,F,1
Régine Irène,F,1
Claire Lise,F,1
Buthaina,F,1
Loredana,F,1
Dulce De Fatima,F,1
Evlyne,F,1
Gessy,F,1
Nolween,F,1
Orama,F,1
Sabeha,F,1
Méa,F,1
Akima,F,1
Rosange,F,1
Dominqiue,F,1
Gerlinde,F,1
Wickie,F,1
Wabiwa,F,1
Kioko Lucie,F,1
Marie Camille,F,1
Eleonora,F,1
Rahmona,F,1
Clair,F,1
Ninetta,F,1
Dorida Dite Papy,F,1
Elise-Marie,F,1
Hayatte,F,1
Fern,F,1
Sévèrine,F,1
Nereide,F,1
Cécille,F,1
Laetetia,F,1
Misericordia,F,1
Judithe,F,1
Stanie,F,1
Annlyse,F,1
Sophianne,F,1
Aïcha-Betty,F,1
Mimose Andrée,F,1
Hélène Eugénie,F,1
Nielle,F,1
Ursula-Maria,F,1
Mariame Djoumoi Binti,F,1
Marie-Carole,F,1
Alabina,F,1
France-Anny,F,1
Clairie,F,1
Janicke,F,1
Jeannine Marie Victoire,F,1
Coralie Andree Rose Anne,F,1
Rabiha,F,1
Elisabeth Tiriuga,F,1
Maria Héléna,F,1
Chorok,F,1
Dahlia,F,1
Hanife,F,1
Rhiannon,F,1
Gil,F,1
Rosine Marguerite,F,1
Miriane,F,1
Madly,F,1
Pricilia,F,1
Gnislaine,F,1
Amparo,F,1
Némati,F,1
Malikat,F,1
Aurélie Marie-Thérèse,F,1
Stanislawa,F,1
Najla,F,1
Gwenael,F,1
Mahjoba,F,1
Evelyn,F,1
Annemieke,F,1
Jannie,F,1
Zaïra,F,1
Saada,F,1
Mylenne,F,1
Mirjam,F,1
May-Lan,F,1
Ria,F,1
Toilianti,F,1
Marie-Dorothée,F,1
"Fatima, Boura",F,1
Cléo,F,1
Rachel Daisy,F,1
Fortunade,F,1
Jitske,F,1
A. Caroline,F,1
Krystina,F,1
Amédine,F,1
Harmony,F,1
Guenaelle,F,1
Marie Régine,F,1
Zahariri,F,1
Crhistelle,F,1
Liziane,F,1
Lioifrati,F,1
Marie-Sylvette,F,1
Marie-Chritstne,F,1
Claudine Danila,F,1
Dalhia,F,1
Marie Angéle,F,1
Tinéke,F,1
Marème,F,1
Gysmonde,F,1
Loulla,F,1
Muriel Nathalie,F,1
Mari-Hélène,F,1
Marie Des Neiges,F,1
Amphone,F,1
Fabiennel,F,1
Dorit,F,1
Florette,F,1
Akia,F,1
Claude-Evelyne,F,1
Kédidja,F,1
Bent Nebi,F,1
Maria Emilia,F,1
Renée Claude,F,1
Gaëtana,F,1
Lorrie,F,1
Virginie Nathalie,F,1
Monik,F,1
Carmelle,F,1
Mireille Andrée Noëlle,F,1
Aurida,F,1
Chrystèl,F,1
Jacquette,F,1
Mahé,F,1
Natalina,F,1
Parsilia,F,1
Clotilde Maionoono,F,1
Palmina,F,1
Sitti,F,1
Ilarisse,F,1
Tiazza,F,1
Sylla,F,1
Maria-Manuela,F,1
Marie Guilène,F,1
Cosma,F,1
Pantxika,F,1
Elske,F,1
Charlise,F,1
Bénéditte,F,1
Joanes,F,1
Isaure-Des-Anges,F,1
Guetty,F,1
Nathaële,F,1
Bornia,F,1
Zaina,F,1
Hasiba,F,1
Lekwena Pe,F,1
Agata,F,1
Marie-Délice Justine,F,1
Heveline,F,1
Pensée,F,1
Astou,F,1
Nurten,F,1
Sandra Rose Noëlle,F,1
Mimouna,F,1
Fouzya,F,1
Léonise,F,1
Carima,F,1
Senay,F,1
Guyleine,F,1
Laylati,F,1
Myrtal,F,1
Vincianne,F,1
Bronislawa,F,1
Marzéna,F,1
Virignie,F,1
Senvane,F,1
Marie Andrée Corine,F,1
Laure-Denise,F,1
Tamrine,F,1
Sylive,F,1
Tatiania,F,1
Tagieriki,F,1
Fabrienne,F,1
Jimella,F,1
Mickaële,F,1
Marie-Adeline,F,1
Catti,F,1
Soumette,F,1
Ariimihi Maria-Isabelle,F,1
Aniel,F,1
Tehetu,F,1
Marie-Annésia,F,1
Acia,F,1
Ganaelle,F,1
Gaëla,F,1
Marie-Léonie,F,1
Esaïe,F,1
Cacilda,F,1
Marie-Jacques,F,1
Christiance,F,1
Noémi,F,1
Marie-Violaine,F,1
Marie-Christinne,F,1
Cornelia,F,1
Ankadati,F,1
Sandy Faréda,F,1
Andrianasolo,F,1
Euphémie,F,1
Marijan,F,1
Jacquemine,F,1
Claude Danielle,F,1
Lucienne Mathurine,F,1
Lénaick,F,1
Thérèse Madeleine,F,1
Marie Noele,F,1
Hinatea,F,1
Mylaine,F,1
Fadia,F,1
Anne Katell,F,1
Malène,F,1
Dévote,F,1
Mafalda,F,1
Eligia,F,1
Anjia,F,1
Delmira,F,1
Sodia,F,1
Rose Ange,F,1
Ricarda,F,1
Anne-José,F,1
Jeanne-Catherine,F,1
Marie-Ader,F,1
Reine Marie,F,1
Clare,F,1
Marie-Huguette,F,1
Vivette Pépin,F,1
Marie Anna Claude,F,1
Claude-Annie,F,1
Juliete,F,1
Marie-Laurène,F,1
Firouze,F,1
Maximilienne,F,1
Laurraine,F,1
Marie Charles,F,1
Monique Andrée Berthe,F,1
Anne-Katell,F,1
Madalena,F,1
Ndjame,F,1
Anicke,F,1
Henri-Anne,F,1
Moea,F,1
Eliana,F,1
Charazede,F,1
Blanche-Marie,F,1
Giuditta,F,1
Brigitte Pierette,F,1
Tokia,F,1
Françoie,F,1
Teretia,F,1
Jeanne-Emmanelle,F,1
Josepha,F,1
Janie-Noële,F,1
Auxilia,F,1
Mary Line,F,1
Kay,F,1
Olivia-Jane,F,1
Mary-José,F,1
Marie Franceline,F,1
Naguleswary,F,1
Kristel-Line,F,1
Gertruida,F,1
Marie-Stanis,F,1
Andree-Christiane,F,1
Mathild,F,1
Ouahiba,F,1
Laure Emmanuelle,F,1
Luciane,F,1
Nazli,F,1
Maelys,F,1
Marie-Francçoise,F,1
Nilangela,F,1
Maria Candido,F,1
Anne Elizabeth,F,1
Wathana,F,1
Mouniyati,F,1
Nicole Marianne,F,1
Anne-Pascale,F,1
Marlène Eugénie,F,1
Nouda,F,1
Catherine Tei,F,1
Fanny Sandrine,F,1
Athéna,F,1
Mikaëlla,F,1
Maja,F,1
Salama,F,1
Chostine,F,1
Ainchati,F,1
Raphaël,F,1
Bessma,F,1
Jerry,F,1
Nivo,F,1
Massiel,F,1
Tachirifa,F,1
Jolanta,F,1
Nadja,F,1
Vitina,F,1
Cécile-Kokoé,F,1
Marie-Alyette,F,1
Kathina,F,1
Sésaltina,F,1
Chritiane,F,1
Averii Dite Kiki Christiane,F,1
Max,F,1
Terouru Tarona Delhia,F,1
Gwenn,F,1
Mevlüde,F,1
Gastienne,F,1
Hèléne,F,1
Armandina,F,1
Victorine Dite Annette,F,1
Marguerite-Mari,F,1
Soazcik,F,1
Kristine,F,1
Tinne,F,1
Crhistiane,F,1
Pierre Marie,F,1
Édith,F,1
Alise,F,1
Justyne,F,1
Marie-Hélène Lézin,F,1
Alberte Marie Josèphe,F,1
Marie-Madelein,F,1
Andrée-Justine,F,1
Maïza,F,1
Isabelle Marie,F,1
Nellie,F,1
Monike,F,1
Maire-Rose,F,1
Dominique-Anne,F,1
Marie-Yveline,F,1
Bernadette Lucie,F,1
Yildiz,F,1
Helyett,F,1
Insaf,F,1
E.Marie,F,1
Maximillienne,F,1
Elisbeth,F,1
Angelita,F,1
Migueline,F,1
Hadidjati,F,1
Jocelyne Nadia,F,1
Colette Appoline,F,1
Jeanine-Gisèle,F,1
Suzanne Yvonne,F,1
Jusic,F,1
Jeanne Andrée,F,1
Marie Hermance,F,1
Guyllemette,F,1
Kumba,F,1
Dorsphine,F,1
Linda Tuane,F,1
Ralima,F,1
Gwenaël,F,1
Pili,F,1
Marie-Rose Mai,F,1
Anne-Pierre,F,1
Coralyne,F,1
Ana Mercedes,F,1
Cornelie,F,1
Ndeye,F,1
Renée-Maelle,F,1
Anaïde,F,1
Native Rosalie,F,1
Marie Sonia,F,1
Maria-Marceline,F,1
Marie Lyse,F,1
Sophie-Abeille,F,1
Prune,F,1
Ouidad,F,1
Daminique,F,1
Audret,F,1
Lutécia,F,1
Marie-Prune,F,1
Gilberte Aimée,F,1
France-Hilda,F,1
Cristobalina,F,1
Ilana,F,1
Mariatti Binti,F,1
Annaig-Sklaërenn,F,1
Sergile,F,1
Feriel,F,1
Janske,F,1
Charlesia,F,1
Siti,F,1
Chislaine,F,1
Filiz,F,1
Berangère,F,1
Marie-Angele,F,1
Marie-Daisy,F,1
Catarina,F,1
Albertina,F,1
Bibi,F,1
Anne-Emeline,F,1
Shabnam,F,1
Jessica Ida,F,1
Snezana,F,1
Ralissa,F,1
Leonarda,F,1
Tutem,F,1
Élise,F,1
Nelcy,F,1
Joseph-Paul,F,1
Annick-Paul,F,1
Jacinthe Titaua,F,1
Frances,F,1
Lugdivine,F,1
Wadislava,F,1
José-Martine,F,1
Marie-Micheline,F,1
Moinaidi,F,1
Wilmite,F,1
Maria Hélène,F,1
Martice,F,1
Tulla,F,1
Audray,F,1
Kataneh,F,1
Chaynesse,F,1
"Anne-Sophie, Marie, Chantal",F,1
Chabha,F,1
Ayda,F,1
Najwa,F,1
Leyda,F,1
Chifaou,F,1
Gisèle Agnès,F,1
Joffrette,F,1
Chrislaine,F,1
Sonsoles,F,1
Ibrahim,F,1
Mjacqueline,F,1
Marie-Térèse,F,1
Gésabelle,F,1
Gwenola Marie,F,1
Lucie Tepora,F,1
Lore,F,1
Jasmina,F,1
Padoue,F,1
Edelgard,F,1
Yvelines,F,1
Jennfier,F,1
Maren,F,1
Edda,F,1
Anne-Lore,F,1
Johanna Alda,F,1
Jackyta,F,1
Agnela,F,1
Anne-Marieke,F,1
Mirenda,F,1
Marema,F,1
Camille Mimi,F,1
Carlo,F,1
Souèm,F,1
Taslima,F,1
Lilawtee,F,1
Mariannic,F,1
Cylvie,F,1
Silvie,F,1
May,F,1
Asmaï,F,1
Djouhère,F,1
Frony,F,1
Marie Amelie,F,1
Jocelyne Antoine,F,1
Loly,F,1
Lucia Maria,F,1
Mèlanie,F,1
Saandati,F,1
Gezabelle,F,1
Dominga,F,1
Annike,F,1
Madiha,F,1
Lorella,F,1
Ana Paula,F,1
Yannick Gatienne,F,1
Rahmatou,F,1
Zafania,F,1
Gwladis,F,1
Nadyne,F,1
Ghismonde,F,1
Arantxa,F,1
Samianti,F,1
Anne-François,F,1
Kerstin,F,1
Marie-Nellie,F,1
Fadi,F,1
Jean-Manuel,F,1
Lauryane,F,1
Justine Katya,F,1
Miltiade,F,1
Annne,F,1
Natifa,F,1
Valerie Teraura,F,1
Loïse,F,1
Myrriam,F,1
Andrée-Jeanne,F,1
Ouda,F,1
Morelle,F,1
Aline Catherine,F,1
Manolita,F,1
Saoudat,F,1
Oulimatou,F,1
Anne-Marine,F,1
Marie Renee,F,1
France-Paule,F,1
Ann-Edith,F,1
Carlota,F,1
Ridhuoini,F,1
Cherita,F,1
Claudine-Josette,F,1
Anne-Marthe,F,1
Shiva,F,1
Maria-Josée,F,1
Toiymina,F,1
Mane-Diana,F,1
Loeticia,F,1
Lois,F,1
Anne Estelle,F,1
Kloë,F,1
Anne-Luce,F,1
Marie Colette,F,1
Mirène,F,1
Bellina,F,1
Marigrine,F,1
Cybille,F,1
Ngoc Cuc,F,1
Marie Michele,F,1
Ansoibia,F,1
Raziah,F,1
Marie-Dolorés,F,1
Hanna Kaarina,F,1
Andrine,F,1
Annie-Françoise,F,1
Pasqualina,F,1
Laure-Marie,F,1
Marie-Stéphanie,F,1
Pieternella,F,1
Ghjosefina,F,1
Marjo,F,1
Maire-Jeanne,F,1
Maximilienne Victoire,F,1
Marie Pier,F,1
Hédia,F,1
Muryelle,F,1
Marcelle Mathilde,F,1
Funmi,F,1
Diamante,F,1
Eléonette,F,1
Rosa Maria,F,1
Edward,F,1
Marie-Louisette,F,1
Baptistine,F,1
Mine,F,1
Nicephore Gabrielle,F,1
Antonieta,F,1
Lisanne,F,1
Marie Laeticia,F,1
Marie Fabiola,F,1
Roufianti,F,1
Marzia,F,1
Snéjana,F,1
Denise Judith,F,1
Marc'Harid,F,1
Kelly Marie Estelle,F,1
Margit,F,1
Manola,F,1
Annie-Raymonde,F,1
Léandre Nazaire,F,1
Marie Sophie,F,1
Berthe Hinano,F,1
Raymonde Amélie,F,1
Dominique-Sophie,F,1
Mila,F,1
Charleine,F,1
Fouziya,F,1
Francès,F,1
Albert-Johan,F,1
Sasha,F,1
Barkissa,F,1
Pakita,F,1
Ardoine,F,1
Tomasa,F,1
Frédéryque,F,1
Marie Denise,F,1
Ivanui,F,1
Marie Grace,F,1
Guewael,F,1
Pénélope,F,1
Jeolinda,F,1
Noemie,F,1
Luté,F,1
Sylda,F,1
Prêle,F,1
Suzann,F,1
Tené,F,1
Gerladine,F,1
Laure Gabrielle,F,1
Elisz,F,1
Annelies,F,1
Zyta,F,1
Léonelle,F,1
Claude Colette Adolphine,F,1
Lidija,F,1
Pua Monica,F,1
Dahla,F,1
Sandra Gaston,F,1
Daïka,F,1
Crystelle,F,1
Maire-Hélène,F,1
Colleen,F,1
Maria-Victoria,F,1
Laina,F,1
Françoise-Marie,F,1
Jacqueline Antoinette,F,1
Areskya,F,1
Despina,F,1
Mchelle,F,1
Renée Marie,F,1
Mahân,F,1
Vesna,F,1
Lorelei,F,1
Anne-Fabienne,F,1
Darla,F,1
Cédrine,F,1
Renée-Michelle,F,1
Gaëlle Yvette,F,1
Sophie Yvonne Rosalie Marie,F,1
Emiliane,F,1
Leonor,F,1
Jeane Marie,F,1
Sophie-Hélène,F,1
Maria-Monserra,F,1
Taibia,F,1
Nevenka,F,1
Raffaëlla,F,1
Catalina,F,1
Manuea,F,1
Marie Del Carmen,F,1
Waicie,F,1
Ketsia,F,1
Ania,F,1
Lynia,F,1
Tan,F,1
Marie Sylviane,F,1
Zelda,F,1
Katheline,F,1
Marie Léocadie,F,1
Moetu,F,1
Antonin,F,1
Sapolina,F,1
Lilou,F,1
Claude-France,F,1
Marie-Ludivine,F,1
Benissante,F,1
France-Lyse,F,1
Gemma,F,1
"Gilberte, Marie",F,1
Khédidja,F,1
Nienke,F,1
Marie-Flavie,F,1
Zaïnati,F,1
Chrystiane,F,1
Monick,F,1
Fatim Zohra,F,1
Chérida,F,1
Reine Marie Yvette,F,1
Nafi,F,1
Gillonne,F,1
Stephanette,F,1
Joélyne,F,1
"Dhoiharati, El-Fassade",F,1
Fily,F,1
Monique Marie-Yvonne,F,1
Houdhoifata,F,1
Caroline Stéphanie,F,1
Magidre,F,1
Maria-Stella,F,1
Vally,F,1
Anne Mette,F,1
Marie Rosanne,F,1
Andrée-Claire,F,1
Stirati,F,1
Eimear,F,1
Barta,F,1
Magalie Constance,F,1
Margarete,F,1
Valéris,F,1
Thessy,F,1
Maria De Lurdes,F,1
Mareva Noelline,F,1
Lucie Pauline,F,1
Benoîte,F,1
Micheline Marie-Josèphe,F,1
Corine Sylvie,F,1
Zarianti,F,1
Laure-Eliane,F,1
Marc Harid,F,1
Azita,F,1
Lémiaa,F,1
Gaelle Dominique,F,1
Preetty,F,1
Dorella,F,1
Mama Aïssata,F,1
Soumïa,F,1
Noëlie,F,1
Shara,F,1
Marie-Roberte,F,1
Metia,F,1
Nature,F,1
Hanima,F,1
Verane,F,1
Sarajane,F,1
Zainaba,F,1
Dinora,F,1
Maurice,F,1
A Marie,F,1
Francia,F,1
Marinège,F,1
Aude Marie Elodie,F,1
Marie Martha,F,1
Hadja,F,1
Virna,F,1
Miry,F,1
Jiliane,F,1
Mariette-Ariane,F,1
Annamaria,F,1
Giacomina,F,1
Victoriana,F,1
Teapehu,F,1
Marie-Nella,F,1
Myrna Mere,F,1
Chahrazed,F,1
Akissi,F,1
Claude-Françoise,F,1
Patricija,F,1
Angéliqué,F,1
Haïa,F,1
Umbertina,F,1
Hanne,F,1
Kalathoumi,F,1
Magalie Sophie,F,1
Joy,F,1
Vandine,F,1
Tingting,F,1
Maryliane,F,1
Dehbia,F,1
Sevinc,F,1
Géraude,F,1
Chloée,F,1
Mélanie Nadine,F,1
Marinelle,F,1
Abir,F,1
Vanna,F,1
Maria Del Pilar,F,1
Rosella,F,1
Ager,F,1
Marcelle Jenny,F,1
Jeana,F,1
Marie-Caire,F,1
Mary-Paule,F,1
Denise-Claire,F,1
Tarita,F,1
Malvine,F,1
Marie Mireille,F,1
Isabell,F,1
Rosélie,F,1
Marike Floria,F,1
Thérèse Flora,F,1
Marie-Alexandra,F,1
Alex,F,1
Marivonne,F,1
Iciar,F,1
Zeynep,F,1
Sabrya,F,1
Geneviève Marie France,F,1
Claudine Marie Gabrielle,F,1
Marie-Antoinnette,F,1
Claude-Michele,F,1
Survilise,F,1
Maryvon,F,1
Solange Yvette,F,1
Arly,F,1
Birgid,F,1
Clorinda,F,1
Rababi,F,1
Dorinde,F,1
Faridha,F,1
Anne Paule,F,1
Marie Michèle,F,1
Gwenolla,F,1
Anne-Karin,F,1
Marie-Dolores,F,1
Nazek,F,1
Rim,F,1
Rhéa,F,1
Waïna,F,1
Kaye,F,1
Nazareth,F,1
Lalitha,F,1
Nora-Samira,F,1
Saandia,F,1
Fourahati,F,1
Lourdès Laura,F,1
Aïchouche,F,1
Maria-Alzira,F,1
Fatimata,F,1
Frédy,F,1
Crescence,F,1
"Marleine, Pierrette",F,1
Silvaine,F,1
Marlène Catherine,F,1
Myette,F,1
Inayatte,F,1
Than-De-Menditte,F,1
Zaitouni,F,1
Lu,F,1
Marie-Emma,F,1
Iréne,F,1
Cellia,F,1
Corrinne,F,1
Gretty,F,1
Simonette,F,1
Jeannie Eugénie,F,1
Dao,F,1
Leydie,F,1
Arzu-Marie,F,1
Marie Céline,F,1
Amélina,F,1
Ruth Emmanuelle,F,1
Etienna,F,1
Shamira,F,1
Heide,F,1
Marie-Madelaine,F,1
Maria Saveria,F,1
Soumya,F,1
Ixabel,F,1
Marie-Thérèze,F,1
Audéna,F,1
Estèle,F,1
Jacqueline Claire,F,1
Maria Manuela,F,1
Mhélène,F,1
Evelym,F,1
Marie-Sylviane,F,1
Assana,F,1
Isis,F,1
Anne-Douceline,F,1
Geerdien,F,1
Odette Surnommé Emma,F,1
Mouniya,F,1
Suzette Marie,F,1
Anrfati,F,1
Maribel,F,1
Guénolée,F,1
Kattin,F,1
Thi-Hue,F,1
"Martine, Marie",F,1
Anrifati,F,1
Floryse,F,1
Heiatarauri Louise,F,1
Eugénie Louise Hegypsie,F,1
Nina Christine,F,1
Jean-Dominique,F,1
Nahima,F,1
Sheherazade,F,1
Laure-Amélie,F,1
Anne-Pernelle,F,1
Ramona,F,1
Marie-Anièce,F,1
Lyndsay,F,1
Férial,F,1
Flor,F,1
Nathanaël,F,1
Rosa Anna,F,1
Selima,F,1
Marie-Christiine,F,1
Nathalie-Pascale,F,1
Tavavy,F,1
Bernarde,F,1
Martine Laetitia,F,1
Lilla,F,1
Thérese,F,1
Figen,F,1
Jackye,F,1
Marysette,F,1
Mallaury,F,1
Lysiane Marcelline,F,1
Délizia,F,1
Brigitite,F,1
Lysiana,F,1
Marie Félicité,F,1
Marie-Hérèse,F,1
Lynne,F,1
Etienne,F,1
Karinz,F,1
Patrice Elisabeth,F,1
Marie-Crhystelle,F,1
Toiffia,F,1
Denise Tania,F,1
Mirjana,F,1
Péggy,F,1
Cristine,F,1
Muryane,F,1
Irena,F,1
Shelagh,F,1
Marie Lamberte Dite Alisette,F,1
Souada,F,1
Maïténa,F,1
Amour,F,1
Josette Camille,F,1
Amerounn,F,1
Louise Hélène,F,1
Andrew,F,1
Sandrine Pascal Andrée,F,1
Brigitte-Marie,F,1
Tamithili,F,1
Fanbienne,F,1
Ninon,F,1
Renée Claire,F,1
Yvettes,F,1
Mia,F,1
Violetta,F,1
Marie-Elisabeh,F,1
Priscilia,F,1
Ana-Paula,F,1
Myrose,F,1
Sylvaine-Anne,F,1
Clemence,F,1
Anne-Maryse,F,1
Faouzia,F,1
Guewnaële,F,1
Lucenne,F,1
Hélène-Christin,F,1
Marie-Alberte,F,1
Laure-Agnès,F,1
Molly,F,1
Marie-Bathilde,F,1
Serap,F,1
Dalida,F,1
Guyonne,F,1
Miri,F,1
Dominique Juliette,F,1
Christine Arlette,F,1
Maguy Elyse,F,1
Rosalina,F,1
Bettyna,F,1
Frieda,F,1
Zinèbe,F,1
Schéhérazade,F,1
Aricie,F,1
Kathlene,F,1
Eurélie,F,1
Elen,F,1
Mareta,F,1
Sophie-Anne,F,1
Nour El Houda,F,1
"Zozofina, Daoud",F,1
Anna Rita,F,1
Jésaël,F,1
Marty,F,1
Minetou,F,1
Anne Noelle,F,1
Berc Hed,F,1
Melba,F,1
Rowena,F,1
Véroniqua,F,1
Mercédes,F,1
Marie-Hélene,F,1
Marie Benjamine,F,1
Katalin,F,1
"Emma, Ciwë",F,1
Sitirati,F,1
Lilie,F,1
"Yannick, Cécile",F,1
Marie Madelein,F,1
Marcella,F,1
Sibille,F,1
Soëli,F,1
Fusilha,F,1
Anna-Gaëlle,F,1
Ajéra,F,1
Koudjedji,F,1
Luminata,F,1
Lialdine,F,1
Chantalle,F,1
Martha Colette,F,1
Maria Eva,F,1
Myladie,F,1
Maialen,F,1
Marie-Zoé,F,1
Marie Claudia,F,1
Moeani,F,1
Mathurine,F,1
Ouazzanya,F,1
Huzeyme,F,1
Renaude,F,1
Edelgise,F,1
Marie Carole,F,1
Thomassine,F,1
Sixtine,F,1
Céline Aimée Christiane,F,1
Delia,F,1
Julianna,F,1
Josèpha,F,1
Cynthia Nadine,F,1
Denia,F,1
Kimberley,F,1
Frédie,F,1
Efisia,F,1
Cosima,F,1
Florisse,F,1
